{
    "DirectedAcyclicGraph": {
        "c1": {
            "next": [
                "c2",
                "c4",
                "c5"
            ],
            "transition_probability": [
                0.3358178921626367,
                0.3073661941155999,
                0.3568159137217634
            ]
        },
        "c2": {
            "next": [
                "c5",
                "c3"
            ],
            "transition_probability": [
                0.41661710201098834,
                0.5833828979890118
            ]
        },
        "c4": {
            "next": [
                "c5"
            ],
            "transition_probability": [
                1.0
            ]
        },
        "c5": {
            "next": [],
            "transition_probability": []
        },
        "c3": {
            "next": [
                "c4",
                "c5"
            ],
            "transition_probability": [
                0.5925584066565056,
                0.4074415933434945
            ]
        }
    },
    "Components": {
        "c1": {
            "s1": {
                "h1": {
                    "next": [
                        "c2",
                        "c4",
                        "c5"
                    ],
                    "data_size": [
                        5,
                        5,
                        7
                    ],
                    "early_exit_probability": 0
                }
            }
        },
        "c2": {
            "s1": {
                "h1": {
                    "next": [
                        "c5",
                        "c3"
                    ],
                    "data_size": [
                        6,
                        6
                    ],
                    "early_exit_probability": 0
                }
            },
            "s2": {
                "h2": {
                    "next": [
                        "h3"
                    ],
                    "early_exit_probability": 0.30061801762976337,
                    "data_size": [
                        5
                    ]
                },
                "h3": {
                    "next": [
                        "h4"
                    ],
                    "early_exit_probability": 0.07094284475019874,
                    "data_size": [
                        4
                    ]
                },
                "h4": {
                    "next": [
                        "c5",
                        "c3"
                    ],
                    "early_exit_probability": 0,
                    "data_size": [
                        6,
                        6
                    ]
                }
            },
            "s3": {
                "h5": {
                    "next": [
                        "h6"
                    ],
                    "early_exit_probability": 0.5309897243502356,
                    "data_size": [
                        7
                    ]
                },
                "h6": {
                    "next": [
                        "h7"
                    ],
                    "early_exit_probability": 0.8961450048806352,
                    "data_size": [
                        4
                    ]
                },
                "h7": {
                    "next": [
                        "h8"
                    ],
                    "early_exit_probability": 0.6735712735708761,
                    "data_size": [
                        4
                    ]
                },
                "h8": {
                    "next": [
                        "c5",
                        "c3"
                    ],
                    "early_exit_probability": 0,
                    "data_size": [
                        6,
                        6
                    ]
                }
            }
        },
        "c3": {
            "s1": {
                "h1": {
                    "next": [
                        "c4",
                        "c5"
                    ],
                    "data_size": [
                        4,
                        7
                    ],
                    "early_exit_probability": 0
                }
            }
        },
        "c4": {
            "s1": {
                "h1": {
                    "next": [
                        "c5"
                    ],
                    "data_size": [
                        6
                    ],
                    "early_exit_probability": 0
                }
            },
            "s2": {
                "h2": {
                    "next": [
                        "h3"
                    ],
                    "early_exit_probability": 0.1465868833100492,
                    "data_size": [
                        7
                    ]
                },
                "h3": {
                    "next": [
                        "h4"
                    ],
                    "early_exit_probability": 0.2701457415914653,
                    "data_size": [
                        4
                    ]
                },
                "h4": {
                    "next": [
                        "h5"
                    ],
                    "early_exit_probability": 0.0637549432980925,
                    "data_size": [
                        4
                    ]
                },
                "h5": {
                    "next": [
                        "c5"
                    ],
                    "early_exit_probability": 0,
                    "data_size": [
                        6
                    ]
                }
            }
        },
        "c5": {
            "s1": {
                "h1": {
                    "next": [],
                    "data_size": [
                        7
                    ],
                    "early_exit_probability": 0
                }
            },
            "s2": {
                "h2": {
                    "next": [
                        "h3"
                    ],
                    "early_exit_probability": 0.7955745584289766,
                    "data_size": [
                        6
                    ]
                },
                "h3": {
                    "next": [
                        "h4"
                    ],
                    "early_exit_probability": 0.03293905746525383,
                    "data_size": [
                        6
                    ]
                },
                "h4": {
                    "next": [
                        "h5"
                    ],
                    "early_exit_probability": 0.7901725413382856,
                    "data_size": [
                        7
                    ]
                },
                "h5": {
                    "next": [],
                    "early_exit_probability": 0,
                    "data_size": [
                        4
                    ]
                }
            }
        }
    },
    "EdgeResources": {
        "computationallayer1": {
            "Drone1": {
                "number": 1,
                "cost": 4.583964543500967,
                "memory": 163840,
                "n_cores": 1
            }
        },
        "computationallayer2": {
            "EN1": {
                "number": 2,
                "cost": 6.0778245952846435,
                "memory": 163840,
                "n_cores": 1
            },
            "EN2": {
                "number": 2,
                "cost": 6.892845815035805,
                "memory": 163840,
                "n_cores": 1
            }
        }
    },
    "CloudResources": {
        "computationallayer3": {
            "VM1": {
                "number": 3,
                "cost": 0.47471390386712287,
                "memory": 163840,
                "n_cores": 1
            },
            "VM2": {
                "number": 4,
                "cost": 0.4306355989454924,
                "memory": 163840,
                "n_cores": 1
            },
            "VM3": {
                "number": 3,
                "cost": 2.537113745573408,
                "memory": 163840,
                "n_cores": 1
            }
        }
    },
    "FaaSResources": {
        "computationallayer4": {
            "F1": {
                "cost": 0.7226677171914785,
                "memory": 163840,
                "idle_time_before_kill": 600
            },
            "F2": {
                "cost": 0.4420225451227905,
                "memory": 163840,
                "idle_time_before_kill": 600
            },
            "F3": {
                "cost": 0.5484871114764439,
                "memory": 163840,
                "idle_time_before_kill": 600
            },
            "F4": {
                "cost": 0.6266328762718899,
                "memory": 163840,
                "idle_time_before_kill": 600
            },
            "F5": {
                "cost": 0.49973585735811665,
                "memory": 163840,
                "idle_time_before_kill": 600
            },
            "F6": {
                "cost": 0.7376025288980472,
                "memory": 163840,
                "idle_time_before_kill": 600
            },
            "F7": {
                "cost": 0.4566531230657004,
                "memory": 163840,
                "idle_time_before_kill": 600
            },
            "F8": {
                "cost": 0.6167567708386514,
                "memory": 163840,
                "idle_time_before_kill": 600
            },
            "F9": {
                "cost": 0.6652996128118975,
                "memory": 163840,
                "idle_time_before_kill": 600
            },
            "F10": {
                "cost": 0.44029199338609193,
                "memory": 163840,
                "idle_time_before_kill": 600
            },
            "transition_cost": 0
        }
    },
    "CompatibilityMatrix": {
        "c1": {
            "h1": [
                {
                    "resource": "Drone1",
                    "memory": 256
                }
            ]
        },
        "c2": {
            "h1": [
                {
                    "resource": "Drone1",
                    "memory": 512
                },
                {
                    "resource": "EN1",
                    "memory": 2048
                },
                {
                    "resource": "EN2",
                    "memory": 512
                }
            ],
            "h2": [
                {
                    "resource": "Drone1",
                    "memory": 256
                },
                {
                    "resource": "EN1",
                    "memory": 1024
                },
                {
                    "resource": "EN2",
                    "memory": 512
                }
            ],
            "h3": [
                {
                    "resource": "Drone1",
                    "memory": 256
                },
                {
                    "resource": "EN1",
                    "memory": 2048
                },
                {
                    "resource": "EN2",
                    "memory": 1024
                }
            ],
            "h4": [
                {
                    "resource": "Drone1",
                    "memory": 256
                },
                {
                    "resource": "EN1",
                    "memory": 2048
                },
                {
                    "resource": "EN2",
                    "memory": 1024
                }
            ],
            "h5": [
                {
                    "resource": "Drone1",
                    "memory": 512
                },
                {
                    "resource": "EN1",
                    "memory": 1024
                },
                {
                    "resource": "EN2",
                    "memory": 1024
                }
            ],
            "h6": [
                {
                    "resource": "Drone1",
                    "memory": 512
                },
                {
                    "resource": "EN1",
                    "memory": 512
                },
                {
                    "resource": "EN2",
                    "memory": 1024
                }
            ],
            "h7": [
                {
                    "resource": "Drone1",
                    "memory": 512
                },
                {
                    "resource": "EN1",
                    "memory": 512
                },
                {
                    "resource": "EN2",
                    "memory": 2048
                }
            ],
            "h8": [
                {
                    "resource": "Drone1",
                    "memory": 256
                },
                {
                    "resource": "EN1",
                    "memory": 2048
                },
                {
                    "resource": "EN2",
                    "memory": 1024
                }
            ]
        },
        "c3": {
            "h1": [
                {
                    "resource": "EN1",
                    "memory": 512
                },
                {
                    "resource": "EN2",
                    "memory": 512
                }
            ]
        },
        "c4": {
            "h1": [
                {
                    "resource": "EN1",
                    "memory": 512
                },
                {
                    "resource": "EN2",
                    "memory": 512
                },
                {
                    "resource": "VM1",
                    "memory": 8192
                },
                {
                    "resource": "VM2",
                    "memory": 8192
                },
                {
                    "resource": "VM3",
                    "memory": 4096
                }
            ],
            "h2": [
                {
                    "resource": "EN1",
                    "memory": 2048
                },
                {
                    "resource": "EN2",
                    "memory": 1024
                },
                {
                    "resource": "VM1",
                    "memory": 8192
                },
                {
                    "resource": "VM2",
                    "memory": 8192
                },
                {
                    "resource": "VM3",
                    "memory": 4096
                }
            ],
            "h3": [
                {
                    "resource": "EN1",
                    "memory": 1024
                },
                {
                    "resource": "EN2",
                    "memory": 1024
                },
                {
                    "resource": "VM1",
                    "memory": 4096
                },
                {
                    "resource": "VM2",
                    "memory": 2048
                },
                {
                    "resource": "VM3",
                    "memory": 2048
                }
            ],
            "h4": [
                {
                    "resource": "EN1",
                    "memory": 512
                },
                {
                    "resource": "EN2",
                    "memory": 1024
                },
                {
                    "resource": "VM1",
                    "memory": 4096
                },
                {
                    "resource": "VM2",
                    "memory": 4096
                },
                {
                    "resource": "VM3",
                    "memory": 8192
                }
            ],
            "h5": [
                {
                    "resource": "EN1",
                    "memory": 512
                },
                {
                    "resource": "EN2",
                    "memory": 2048
                },
                {
                    "resource": "VM1",
                    "memory": 4096
                },
                {
                    "resource": "VM2",
                    "memory": 2048
                },
                {
                    "resource": "VM3",
                    "memory": 4096
                }
            ]
        },
        "c5": {
            "h1": [
                {
                    "resource": "VM1",
                    "memory": 2048
                },
                {
                    "resource": "VM2",
                    "memory": 8192
                },
                {
                    "resource": "VM3",
                    "memory": 8192
                },
                {
                    "resource": "F1",
                    "memory": 1024
                },
                {
                    "resource": "F2",
                    "memory": 1024
                }
            ],
            "h2": [
                {
                    "resource": "VM1",
                    "memory": 2048
                },
                {
                    "resource": "VM2",
                    "memory": 2048
                },
                {
                    "resource": "VM3",
                    "memory": 2048
                },
                {
                    "resource": "F3",
                    "memory": 2048
                },
                {
                    "resource": "F4",
                    "memory": 4096
                }
            ],
            "h3": [
                {
                    "resource": "VM1",
                    "memory": 2048
                },
                {
                    "resource": "VM2",
                    "memory": 8192
                },
                {
                    "resource": "VM3",
                    "memory": 8192
                },
                {
                    "resource": "F5",
                    "memory": 4096
                },
                {
                    "resource": "F6",
                    "memory": 2048
                }
            ],
            "h4": [
                {
                    "resource": "VM1",
                    "memory": 4096
                },
                {
                    "resource": "VM2",
                    "memory": 2048
                },
                {
                    "resource": "VM3",
                    "memory": 2048
                },
                {
                    "resource": "F7",
                    "memory": 2048
                },
                {
                    "resource": "F8",
                    "memory": 4096
                }
            ],
            "h5": [
                {
                    "resource": "VM1",
                    "memory": 4096
                },
                {
                    "resource": "VM2",
                    "memory": 2048
                },
                {
                    "resource": "VM3",
                    "memory": 8192
                },
                {
                    "resource": "F9",
                    "memory": 4096
                },
                {
                    "resource": "F10",
                    "memory": 1024
                }
            ]
        }
    },
    "Performance": {
        "c1": {
            "h1": {
                "Drone1": {
                    "model": "QTedge",
                    "demand": 0.1013406098394814
                }
            }
        },
        "c2": {
            "h1": {
                "Drone1": {
                    "model": "QTedge",
                    "demand": 1.4348162283835888
                },
                "EN1": {
                    "model": "QTedge",
                    "demand": 0.8157468154401804
                },
                "EN2": {
                    "model": "QTedge",
                    "demand": 0.6929418427598855
                }
            },
            "h2": {
                "Drone1": {
                    "model": "QTedge",
                    "demand": 0.5656086585964604
                },
                "EN1": {
                    "model": "QTedge",
                    "demand": 0.34669425764439926
                },
                "EN2": {
                    "model": "QTedge",
                    "demand": 0.2868565465247498
                }
            },
            "h3": {
                "Drone1": {
                    "model": "QTedge",
                    "demand": 0.5336129800619772
                },
                "EN1": {
                    "model": "QTedge",
                    "demand": 0.3338357289625159
                },
                "EN2": {
                    "model": "QTedge",
                    "demand": 0.29699959531750364
                }
            },
            "h4": {
                "Drone1": {
                    "model": "QTedge",
                    "demand": 0.5431988186920442
                },
                "EN1": {
                    "model": "QTedge",
                    "demand": 0.34570580624991554
                },
                "EN2": {
                    "model": "QTedge",
                    "demand": 0.3056608391493686
                }
            },
            "h5": {
                "Drone1": {
                    "model": "QTedge",
                    "demand": 0.4350881930007025
                },
                "EN1": {
                    "model": "QTedge",
                    "demand": 0.28414469022202704
                },
                "EN2": {
                    "model": "QTedge",
                    "demand": 0.236501811660904
                }
            },
            "h6": {
                "Drone1": {
                    "model": "QTedge",
                    "demand": 0.4396903279256926
                },
                "EN1": {
                    "model": "QTedge",
                    "demand": 0.28205087305812676
                },
                "EN2": {
                    "model": "QTedge",
                    "demand": 0.2614056914218287
                }
            },
            "h7": {
                "Drone1": {
                    "model": "QTedge",
                    "demand": 0.41921288799280554
                },
                "EN1": {
                    "model": "QTedge",
                    "demand": 0.3002057029282598
                },
                "EN2": {
                    "model": "QTedge",
                    "demand": 0.2440867643300942
                }
            },
            "h8": {
                "Drone1": {
                    "model": "QTedge",
                    "demand": 0.4235957057550224
                },
                "EN1": {
                    "model": "QTedge",
                    "demand": 0.30144259042485066
                },
                "EN2": {
                    "model": "QTedge",
                    "demand": 0.2401038425813551
                }
            }
        },
        "c3": {
            "h1": {
                "EN1": {
                    "model": "QTedge",
                    "demand": 0.7931505121768174
                },
                "EN2": {
                    "model": "QTedge",
                    "demand": 1.0559572161590098
                }
            }
        },
        "c4": {
            "h1": {
                "EN1": {
                    "model": "QTedge",
                    "demand": 0.9476459187700171
                },
                "EN2": {
                    "model": "QTedge",
                    "demand": 1.0665568809793458
                },
                "VM1": {
                    "model": "QTedge",
                    "demand": 0.39308405556010495
                },
                "VM2": {
                    "model": "QTedge",
                    "demand": 0.2813866982696953
                },
                "VM3": {
                    "model": "QTedge",
                    "demand": 0.329637371751457
                }
            },
            "h2": {
                "EN1": {
                    "model": "QTedge",
                    "demand": 0.31931646293335175
                },
                "EN2": {
                    "model": "QTedge",
                    "demand": 0.336457841584047
                },
                "VM1": {
                    "model": "QTedge",
                    "demand": 0.18016420754978965
                },
                "VM2": {
                    "model": "QTedge",
                    "demand": 0.1265634494717097
                },
                "VM3": {
                    "model": "QTedge",
                    "demand": 0.15401266966321556
                }
            },
            "h3": {
                "EN1": {
                    "model": "QTedge",
                    "demand": 0.3032163749306751
                },
                "EN2": {
                    "model": "QTedge",
                    "demand": 0.3264663505449656
                },
                "VM1": {
                    "model": "QTedge",
                    "demand": 0.1713330863712494
                },
                "VM2": {
                    "model": "QTedge",
                    "demand": 0.12781122272230433
                },
                "VM3": {
                    "model": "QTedge",
                    "demand": 0.16841411850540594
                }
            },
            "h4": {
                "EN1": {
                    "model": "QTedge",
                    "demand": 0.2893230685506858
                },
                "EN2": {
                    "model": "QTedge",
                    "demand": 0.32539755920529395
                },
                "VM1": {
                    "model": "QTedge",
                    "demand": 0.17610978552334372
                },
                "VM2": {
                    "model": "QTedge",
                    "demand": 0.14685094871606885
                },
                "VM3": {
                    "model": "QTedge",
                    "demand": 0.15962042046871422
                }
            },
            "h5": {
                "EN1": {
                    "model": "QTedge",
                    "demand": 0.32752538557895333
                },
                "EN2": {
                    "model": "QTedge",
                    "demand": 0.3235349265822877
                },
                "VM1": {
                    "model": "QTedge",
                    "demand": 0.15260937699492497
                },
                "VM2": {
                    "model": "QTedge",
                    "demand": 0.14165542648136506
                },
                "VM3": {
                    "model": "QTedge",
                    "demand": 0.16708875957100572
                }
            }
        },
        "c5": {
            "h1": {
                "VM1": {
                    "model": "QTedge",
                    "demand": 0.45586621557500395
                },
                "VM2": {
                    "model": "QTedge",
                    "demand": 0.43912860541452114
                },
                "VM3": {
                    "model": "QTedge",
                    "demand": 0.3706918827887459
                },
                "F1": {
                    "model": "PACSLTK",
                    "demandWarm": 2.3378870742460585,
                    "demandCold": 3.50761867920938
                },
                "F2": {
                    "model": "PACSLTK",
                    "demandWarm": 2.993990799154707,
                    "demandCold": 4.639474978905542
                }
            },
            "h2": {
                "VM1": {
                    "model": "QTedge",
                    "demand": 0.19055787012111974
                },
                "VM2": {
                    "model": "QTedge",
                    "demand": 0.1967860193418259
                },
                "VM3": {
                    "model": "QTedge",
                    "demand": 0.1892337426684342
                },
                "F3": {
                    "model": "PACSLTK",
                    "demandWarm": 2.7751162103601024,
                    "demandCold": 4.663745021475511
                },
                "F4": {
                    "model": "PACSLTK",
                    "demandWarm": 2.3866099618625083,
                    "demandCold": 3.595509294918155
                }
            },
            "h3": {
                "VM1": {
                    "model": "QTedge",
                    "demand": 0.18303641569182283
                },
                "VM2": {
                    "model": "QTedge",
                    "demand": 0.1839853976675659
                },
                "VM3": {
                    "model": "QTedge",
                    "demand": 0.17712790506593484
                },
                "F5": {
                    "model": "PACSLTK",
                    "demandWarm": 2.9487239098864615,
                    "demandCold": 4.300600331789361
                },
                "F6": {
                    "model": "PACSLTK",
                    "demandWarm": 2.7342876293581355,
                    "demandCold": 4.615659925951109
                }
            },
            "h4": {
                "VM1": {
                    "model": "QTedge",
                    "demand": 0.20440505105155737
                },
                "VM2": {
                    "model": "QTedge",
                    "demand": 0.1750727124620446
                },
                "VM3": {
                    "model": "QTedge",
                    "demand": 0.17965144779930567
                },
                "F7": {
                    "model": "PACSLTK",
                    "demandWarm": 2.3740487399814487,
                    "demandCold": 3.878019771914169
                },
                "F8": {
                    "model": "PACSLTK",
                    "demandWarm": 2.2221078347599645,
                    "demandCold": 3.815071308928003
                }
            },
            "h5": {
                "VM1": {
                    "model": "QTedge",
                    "demand": 0.2127418895560378
                },
                "VM2": {
                    "model": "QTedge",
                    "demand": 0.2033395684219852
                },
                "VM3": {
                    "model": "QTedge",
                    "demand": 0.1737095722669541
                },
                "F9": {
                    "model": "PACSLTK",
                    "demandWarm": 2.9520140944076383,
                    "demandCold": 4.136058359436588
                },
                "F10": {
                    "model": "PACSLTK",
                    "demandWarm": 2.0339651344902774,
                    "demandCold": 3.5233415174718976
                }
            }
        }
    },
    "Lambda": 0.1,
    "LocalConstraints": {
        "c4": {
            "local_res_time": 12.888801782820817
        },
        "c2": {
            "local_res_time": 12.485840257758788
        },
        "c1": {
            "local_res_time": 10.609669420005758
        }
    },
    "GlobalConstraints": {
        "p1": {
            "components": [
                "c1",
                "c2"
            ],
            "global_res_time": 31.49492567988874
        },
        "p2": {
            "components": [
                "c1",
                "c2",
                "c3",
                "c5"
            ],
            "global_res_time": 33.198473803612934
        },
        "p3": {
            "components": [
                "c2",
                "c3"
            ],
            "global_res_time": 37.55010872297869
        }
    },
    "NetworkTechnology": {
        "ND1": {
            "computationallayers": [
                "computationallayer1",
                "computationallayer2"
            ],
            "AccessDelay": 0.001,
            "Bandwidth": 2000
        },
        "ND2": {
            "computationallayers": [
                "computationallayer3",
                "computationallayer4"
            ],
            "AccessDelay": 0.001,
            "Bandwidth": 1500
        },
        "ND3": {
            "computationallayers": [
                "computationallayer1",
                "computationallayer2",
                "computationallayer3",
                "computationallayer4"
            ],
            "AccessDelay": 0.001,
            "Bandwidth": 1000
        }
    },
    "Time": 1
}
