{
    "DirectedAcyclicGraph": {
        "c1": {
            "next": [
                "c2",
                "c3",
                "c4",
                "c5"
            ],
            "transition_probability": [
                0.08918389215235523,
                0.0465877209302353,
                0.3614378437792703,
                0.5027905431381392
            ]
        },
        "c2": {
            "next": [
                "c4",
                "c5"
            ],
            "transition_probability": [
                0.007649595605492557,
                0.9923504043945074
            ]
        },
        "c3": {
            "next": [
                "c4"
            ],
            "transition_probability": [
                1.0
            ]
        },
        "c4": {
            "next": [
                "c5"
            ],
            "transition_probability": [
                1.0
            ]
        },
        "c5": {
            "next": [],
            "transition_probability": []
        }
    },
    "Components": {
        "c1": {
            "s1": {
                "h1": {
                    "next": [
                        "c2",
                        "c3",
                        "c4",
                        "c5"
                    ],
                    "data_size": [
                        4,
                        6,
                        5,
                        7
                    ],
                    "early_exit_probability": 0
                }
            }
        },
        "c2": {
            "s1": {
                "h1": {
                    "next": [
                        "c4",
                        "c5"
                    ],
                    "data_size": [
                        5,
                        7
                    ],
                    "early_exit_probability": 0
                }
            },
            "s2": {
                "h2": {
                    "next": [
                        "h3"
                    ],
                    "early_exit_probability": 0.3733407600514692,
                    "data_size": [
                        6
                    ]
                },
                "h3": {
                    "next": [
                        "h4"
                    ],
                    "early_exit_probability": 0.18263143630201495,
                    "data_size": [
                        5
                    ]
                },
                "h4": {
                    "next": [
                        "c4",
                        "c5"
                    ],
                    "early_exit_probability": 0,
                    "data_size": [
                        5,
                        7
                    ]
                }
            }
        },
        "c3": {
            "s1": {
                "h1": {
                    "next": [
                        "c4"
                    ],
                    "data_size": [
                        5
                    ],
                    "early_exit_probability": 0
                }
            }
        },
        "c4": {
            "s1": {
                "h1": {
                    "next": [
                        "c5"
                    ],
                    "data_size": [
                        5
                    ],
                    "early_exit_probability": 0
                }
            },
            "s2": {
                "h2": {
                    "next": [
                        "h3"
                    ],
                    "early_exit_probability": 0.8052231968327465,
                    "data_size": [
                        4
                    ]
                },
                "h3": {
                    "next": [
                        "h4"
                    ],
                    "early_exit_probability": 0.6119433411110109,
                    "data_size": [
                        6
                    ]
                },
                "h4": {
                    "next": [
                        "c5"
                    ],
                    "early_exit_probability": 0,
                    "data_size": [
                        5
                    ]
                }
            },
            "s3": {
                "h5": {
                    "next": [
                        "h6"
                    ],
                    "early_exit_probability": 0.3192360889885453,
                    "data_size": [
                        7
                    ]
                },
                "h6": {
                    "next": [
                        "c5"
                    ],
                    "early_exit_probability": 0,
                    "data_size": [
                        5
                    ]
                }
            }
        },
        "c5": {
            "s1": {
                "h1": {
                    "next": [],
                    "data_size": [
                        4
                    ],
                    "early_exit_probability": 0
                }
            },
            "s2": {
                "h2": {
                    "next": [
                        "h3"
                    ],
                    "early_exit_probability": 0.07685550174624711,
                    "data_size": [
                        5
                    ]
                },
                "h3": {
                    "next": [
                        "h4"
                    ],
                    "early_exit_probability": 0.04689631938924976,
                    "data_size": [
                        7
                    ]
                },
                "h4": {
                    "next": [
                        "h5"
                    ],
                    "early_exit_probability": 0.12195414712716746,
                    "data_size": [
                        4
                    ]
                },
                "h5": {
                    "next": [],
                    "early_exit_probability": 0,
                    "data_size": [
                        6
                    ]
                }
            },
            "s3": {
                "h6": {
                    "next": [
                        "h7"
                    ],
                    "early_exit_probability": 0.13878246545007478,
                    "data_size": [
                        4
                    ]
                },
                "h7": {
                    "next": [
                        "h8"
                    ],
                    "early_exit_probability": 0.8568503024577332,
                    "data_size": [
                        7
                    ]
                },
                "h8": {
                    "next": [],
                    "early_exit_probability": 0,
                    "data_size": [
                        4
                    ]
                }
            }
        }
    },
    "EdgeResources": {
        "computationallayer1": {
            "Drone1": {
                "number": 1,
                "cost": 4.754647691529858,
                "memory": 163840,
                "n_cores": 1
            }
        },
        "computationallayer2": {
            "EN1": {
                "number": 2,
                "cost": 6.591923413759357,
                "memory": 163840,
                "n_cores": 1
            },
            "EN2": {
                "number": 2,
                "cost": 7.767872959122372,
                "memory": 163840,
                "n_cores": 1
            }
        }
    },
    "CloudResources": {
        "computationallayer3": {
            "VM1": {
                "number": 4,
                "cost": 0.4674032789842478,
                "memory": 163840,
                "n_cores": 1
            },
            "VM2": {
                "number": 4,
                "cost": 0.7850584878931746,
                "memory": 163840,
                "n_cores": 1
            },
            "VM3": {
                "number": 3,
                "cost": 0.39387315856901506,
                "memory": 163840,
                "n_cores": 1
            }
        }
    },
    "FaaSResources": {
        "computationallayer4": {
            "F1": {
                "cost": 0.8428179334934951,
                "memory": 163840,
                "idle_time_before_kill": 600
            },
            "F2": {
                "cost": 0.6590363039382878,
                "memory": 163840,
                "idle_time_before_kill": 600
            },
            "F3": {
                "cost": 0.5954396049995773,
                "memory": 163840,
                "idle_time_before_kill": 600
            },
            "F4": {
                "cost": 0.4363536982806434,
                "memory": 163840,
                "idle_time_before_kill": 600
            },
            "F5": {
                "cost": 0.3562503267549316,
                "memory": 163840,
                "idle_time_before_kill": 600
            },
            "F6": {
                "cost": 0.5871309252539488,
                "memory": 163840,
                "idle_time_before_kill": 600
            },
            "F7": {
                "cost": 0.14947133698593174,
                "memory": 163840,
                "idle_time_before_kill": 600
            },
            "F8": {
                "cost": 0.1712385982079181,
                "memory": 163840,
                "idle_time_before_kill": 600
            },
            "F9": {
                "cost": 0.3971645228775721,
                "memory": 163840,
                "idle_time_before_kill": 600
            },
            "F10": {
                "cost": 0.637951564301237,
                "memory": 163840,
                "idle_time_before_kill": 600
            },
            "F11": {
                "cost": 0.3725199519857866,
                "memory": 163840,
                "idle_time_before_kill": 600
            },
            "F12": {
                "cost": 0.002406761342896191,
                "memory": 163840,
                "idle_time_before_kill": 600
            },
            "F13": {
                "cost": 0.5488163557438683,
                "memory": 163840,
                "idle_time_before_kill": 600
            },
            "F14": {
                "cost": 0.1269718414516232,
                "memory": 163840,
                "idle_time_before_kill": 600
            },
            "F15": {
                "cost": 0.07979268063202438,
                "memory": 163840,
                "idle_time_before_kill": 600
            },
            "F16": {
                "cost": 0.23503859587549647,
                "memory": 163840,
                "idle_time_before_kill": 600
            },
            "transition_cost": 0
        }
    },
    "CompatibilityMatrix": {
        "c1": {
            "h1": [
                {
                    "resource": "Drone1",
                    "memory": 512
                }
            ]
        },
        "c2": {
            "h1": [
                {
                    "resource": "Drone1",
                    "memory": 256
                },
                {
                    "resource": "EN1",
                    "memory": 512
                },
                {
                    "resource": "EN2",
                    "memory": 2048
                }
            ],
            "h2": [
                {
                    "resource": "Drone1",
                    "memory": 512
                },
                {
                    "resource": "EN1",
                    "memory": 512
                },
                {
                    "resource": "EN2",
                    "memory": 1024
                }
            ],
            "h3": [
                {
                    "resource": "Drone1",
                    "memory": 256
                },
                {
                    "resource": "EN1",
                    "memory": 1024
                },
                {
                    "resource": "EN2",
                    "memory": 1024
                }
            ],
            "h4": [
                {
                    "resource": "Drone1",
                    "memory": 256
                },
                {
                    "resource": "EN1",
                    "memory": 512
                },
                {
                    "resource": "EN2",
                    "memory": 512
                }
            ]
        },
        "c3": {
            "h1": [
                {
                    "resource": "EN1",
                    "memory": 2048
                },
                {
                    "resource": "EN2",
                    "memory": 2048
                }
            ]
        },
        "c4": {
            "h1": [
                {
                    "resource": "EN1",
                    "memory": 2048
                },
                {
                    "resource": "EN2",
                    "memory": 1024
                },
                {
                    "resource": "VM1",
                    "memory": 4096
                },
                {
                    "resource": "VM2",
                    "memory": 4096
                },
                {
                    "resource": "VM3",
                    "memory": 2048
                }
            ],
            "h2": [
                {
                    "resource": "EN1",
                    "memory": 512
                },
                {
                    "resource": "EN2",
                    "memory": 1024
                },
                {
                    "resource": "VM1",
                    "memory": 4096
                },
                {
                    "resource": "VM2",
                    "memory": 2048
                },
                {
                    "resource": "VM3",
                    "memory": 4096
                }
            ],
            "h3": [
                {
                    "resource": "EN1",
                    "memory": 2048
                },
                {
                    "resource": "EN2",
                    "memory": 1024
                },
                {
                    "resource": "VM1",
                    "memory": 4096
                },
                {
                    "resource": "VM2",
                    "memory": 8192
                },
                {
                    "resource": "VM3",
                    "memory": 4096
                }
            ],
            "h4": [
                {
                    "resource": "EN1",
                    "memory": 1024
                },
                {
                    "resource": "EN2",
                    "memory": 2048
                },
                {
                    "resource": "VM1",
                    "memory": 2048
                },
                {
                    "resource": "VM2",
                    "memory": 4096
                },
                {
                    "resource": "VM3",
                    "memory": 2048
                }
            ],
            "h5": [
                {
                    "resource": "EN1",
                    "memory": 2048
                },
                {
                    "resource": "EN2",
                    "memory": 1024
                },
                {
                    "resource": "VM1",
                    "memory": 8192
                },
                {
                    "resource": "VM2",
                    "memory": 4096
                },
                {
                    "resource": "VM3",
                    "memory": 8192
                }
            ],
            "h6": [
                {
                    "resource": "EN1",
                    "memory": 2048
                },
                {
                    "resource": "EN2",
                    "memory": 2048
                },
                {
                    "resource": "VM1",
                    "memory": 8192
                },
                {
                    "resource": "VM2",
                    "memory": 2048
                },
                {
                    "resource": "VM3",
                    "memory": 8192
                }
            ]
        },
        "c5": {
            "h1": [
                {
                    "resource": "VM1",
                    "memory": 8192
                },
                {
                    "resource": "VM2",
                    "memory": 4096
                },
                {
                    "resource": "VM3",
                    "memory": 2048
                },
                {
                    "resource": "F1",
                    "memory": 1024
                },
                {
                    "resource": "F2",
                    "memory": 2048
                }
            ],
            "h2": [
                {
                    "resource": "VM1",
                    "memory": 8192
                },
                {
                    "resource": "VM2",
                    "memory": 2048
                },
                {
                    "resource": "VM3",
                    "memory": 4096
                },
                {
                    "resource": "F3",
                    "memory": 1024
                },
                {
                    "resource": "F4",
                    "memory": 1024
                }
            ],
            "h3": [
                {
                    "resource": "VM1",
                    "memory": 4096
                },
                {
                    "resource": "VM2",
                    "memory": 2048
                },
                {
                    "resource": "VM3",
                    "memory": 8192
                },
                {
                    "resource": "F5",
                    "memory": 2048
                },
                {
                    "resource": "F6",
                    "memory": 1024
                }
            ],
            "h4": [
                {
                    "resource": "VM1",
                    "memory": 8192
                },
                {
                    "resource": "VM2",
                    "memory": 8192
                },
                {
                    "resource": "VM3",
                    "memory": 2048
                },
                {
                    "resource": "F7",
                    "memory": 1024
                },
                {
                    "resource": "F8",
                    "memory": 1024
                }
            ],
            "h5": [
                {
                    "resource": "VM1",
                    "memory": 4096
                },
                {
                    "resource": "VM2",
                    "memory": 4096
                },
                {
                    "resource": "VM3",
                    "memory": 4096
                },
                {
                    "resource": "F9",
                    "memory": 4096
                },
                {
                    "resource": "F10",
                    "memory": 4096
                }
            ],
            "h6": [
                {
                    "resource": "VM1",
                    "memory": 2048
                },
                {
                    "resource": "VM2",
                    "memory": 2048
                },
                {
                    "resource": "VM3",
                    "memory": 8192
                },
                {
                    "resource": "F11",
                    "memory": 2048
                },
                {
                    "resource": "F12",
                    "memory": 4096
                }
            ],
            "h7": [
                {
                    "resource": "VM1",
                    "memory": 4096
                },
                {
                    "resource": "VM2",
                    "memory": 4096
                },
                {
                    "resource": "VM3",
                    "memory": 4096
                },
                {
                    "resource": "F13",
                    "memory": 4096
                },
                {
                    "resource": "F14",
                    "memory": 1024
                }
            ],
            "h8": [
                {
                    "resource": "VM1",
                    "memory": 8192
                },
                {
                    "resource": "VM2",
                    "memory": 4096
                },
                {
                    "resource": "VM3",
                    "memory": 2048
                },
                {
                    "resource": "F15",
                    "memory": 2048
                },
                {
                    "resource": "F16",
                    "memory": 4096
                }
            ]
        }
    },
    "Performance": {
        "c1": {
            "h1": {
                "Drone1": {
                    "model": "QTedge",
                    "demand": 0.16599649472074978
                }
            }
        },
        "c2": {
            "h1": {
                "Drone1": {
                    "model": "QTedge",
                    "demand": 1.0399592086899774
                },
                "EN1": {
                    "model": "QTedge",
                    "demand": 0.8147460892158191
                },
                "EN2": {
                    "model": "QTedge",
                    "demand": 0.7574634359213441
                }
            },
            "h2": {
                "Drone1": {
                    "model": "QTedge",
                    "demand": 0.4406488282892216
                },
                "EN1": {
                    "model": "QTedge",
                    "demand": 0.35974405909579044
                },
                "EN2": {
                    "model": "QTedge",
                    "demand": 0.34639264411002435
                }
            },
            "h3": {
                "Drone1": {
                    "model": "QTedge",
                    "demand": 0.4376882566264933
                },
                "EN1": {
                    "model": "QTedge",
                    "demand": 0.3283101799118222
                },
                "EN2": {
                    "model": "QTedge",
                    "demand": 0.3327241199755886
                }
            },
            "h4": {
                "Drone1": {
                    "model": "QTedge",
                    "demand": 0.3979230586658311
                },
                "EN1": {
                    "model": "QTedge",
                    "demand": 0.33673515777115814
                },
                "EN2": {
                    "model": "QTedge",
                    "demand": 0.3145916057439578
                }
            }
        },
        "c3": {
            "h1": {
                "EN1": {
                    "model": "QTedge",
                    "demand": 0.8787890943313221
                },
                "EN2": {
                    "model": "QTedge",
                    "demand": 0.8827535099440837
                }
            }
        },
        "c4": {
            "h1": {
                "EN1": {
                    "model": "QTedge",
                    "demand": 0.7463989881447546
                },
                "EN2": {
                    "model": "QTedge",
                    "demand": 0.6321255303474123
                },
                "VM1": {
                    "model": "QTedge",
                    "demand": 0.6894095728788212
                },
                "VM2": {
                    "model": "QTedge",
                    "demand": 0.36985392181893184
                },
                "VM3": {
                    "model": "QTedge",
                    "demand": 0.44752431544122717
                }
            },
            "h2": {
                "EN1": {
                    "model": "QTedge",
                    "demand": 0.3220262031038848
                },
                "EN2": {
                    "model": "QTedge",
                    "demand": 0.2998059660467615
                },
                "VM1": {
                    "model": "QTedge",
                    "demand": 0.3157333314787196
                },
                "VM2": {
                    "model": "QTedge",
                    "demand": 0.20258573960896942
                },
                "VM3": {
                    "model": "QTedge",
                    "demand": 0.20102949247546278
                }
            },
            "h3": {
                "EN1": {
                    "model": "QTedge",
                    "demand": 0.32441637037859566
                },
                "EN2": {
                    "model": "QTedge",
                    "demand": 0.2943818563800401
                },
                "VM1": {
                    "model": "QTedge",
                    "demand": 0.28776287762851177
                },
                "VM2": {
                    "model": "QTedge",
                    "demand": 0.1758085241140105
                },
                "VM3": {
                    "model": "QTedge",
                    "demand": 0.21606556616697636
                }
            },
            "h4": {
                "EN1": {
                    "model": "QTedge",
                    "demand": 0.29894546713223635
                },
                "EN2": {
                    "model": "QTedge",
                    "demand": 0.2754806168627159
                },
                "VM1": {
                    "model": "QTedge",
                    "demand": 0.32914764706029565
                },
                "VM2": {
                    "model": "QTedge",
                    "demand": 0.18520127633932842
                },
                "VM3": {
                    "model": "QTedge",
                    "demand": 0.2358445955639461
                }
            },
            "h5": {
                "EN1": {
                    "model": "QTedge",
                    "demand": 0.4554531003957894
                },
                "EN2": {
                    "model": "QTedge",
                    "demand": 0.3684941654868764
                },
                "VM1": {
                    "model": "QTedge",
                    "demand": 0.4071354118295491
                },
                "VM2": {
                    "model": "QTedge",
                    "demand": 0.26204738672086614
                },
                "VM3": {
                    "model": "QTedge",
                    "demand": 0.28510082488411403
                }
            },
            "h6": {
                "EN1": {
                    "model": "QTedge",
                    "demand": 0.42647438692660217
                },
                "EN2": {
                    "model": "QTedge",
                    "demand": 0.37709415833418003
                },
                "VM1": {
                    "model": "QTedge",
                    "demand": 0.4015734487575732
                },
                "VM2": {
                    "model": "QTedge",
                    "demand": 0.2721417571463309
                },
                "VM3": {
                    "model": "QTedge",
                    "demand": 0.29109669067181543
                }
            }
        },
        "c5": {
            "h1": {
                "VM1": {
                    "model": "QTedge",
                    "demand": 0.4888321272721774
                },
                "VM2": {
                    "model": "QTedge",
                    "demand": 0.28417646796091406
                },
                "VM3": {
                    "model": "QTedge",
                    "demand": 0.21898585214218214
                },
                "F1": {
                    "model": "PACSLTK",
                    "demandWarm": 2.1988350364892617,
                    "demandCold": 4.097381085300443
                },
                "F2": {
                    "model": "PACSLTK",
                    "demandWarm": 2.6859219733533566,
                    "demandCold": 4.01245440983354
                }
            },
            "h2": {
                "VM1": {
                    "model": "QTedge",
                    "demand": 0.19289792214296672
                },
                "VM2": {
                    "model": "QTedge",
                    "demand": 0.13259438297528608
                },
                "VM3": {
                    "model": "QTedge",
                    "demand": 0.13742760948848604
                },
                "F3": {
                    "model": "PACSLTK",
                    "demandWarm": 2.5738732696838555,
                    "demandCold": 3.5748599360408475
                },
                "F4": {
                    "model": "PACSLTK",
                    "demandWarm": 2.3386791329893395,
                    "demandCold": 3.4333381737329924
                }
            },
            "h3": {
                "VM1": {
                    "model": "QTedge",
                    "demand": 0.17671336855426628
                },
                "VM2": {
                    "model": "QTedge",
                    "demand": 0.1610475545249358
                },
                "VM3": {
                    "model": "QTedge",
                    "demand": 0.13300278073343577
                },
                "F5": {
                    "model": "PACSLTK",
                    "demandWarm": 2.3729385068795485,
                    "demandCold": 4.215620378278461
                },
                "F6": {
                    "model": "PACSLTK",
                    "demandWarm": 2.5737762314512023,
                    "demandCold": 3.86760778665497
                }
            },
            "h4": {
                "VM1": {
                    "model": "QTedge",
                    "demand": 0.17855175283383976
                },
                "VM2": {
                    "model": "QTedge",
                    "demand": 0.13958922762416198
                },
                "VM3": {
                    "model": "QTedge",
                    "demand": 0.13834311467815033
                },
                "F7": {
                    "model": "PACSLTK",
                    "demandWarm": 2.5959939345983294,
                    "demandCold": 4.522802808543904
                },
                "F8": {
                    "model": "PACSLTK",
                    "demandWarm": 2.813316083670804,
                    "demandCold": 4.59818280194775
                }
            },
            "h5": {
                "VM1": {
                    "model": "QTedge",
                    "demand": 0.20945123566554774
                },
                "VM2": {
                    "model": "QTedge",
                    "demand": 0.14890888730204838
                },
                "VM3": {
                    "model": "QTedge",
                    "demand": 0.12400214301381987
                },
                "F9": {
                    "model": "PACSLTK",
                    "demandWarm": 2.423005646947616,
                    "demandCold": 3.7183755058684196
                },
                "F10": {
                    "model": "PACSLTK",
                    "demandWarm": 2.257302887205004,
                    "demandCold": 4.086704807032239
                }
            },
            "h6": {
                "VM1": {
                    "model": "QTedge",
                    "demand": 0.2597004934791134
                },
                "VM2": {
                    "model": "QTedge",
                    "demand": 0.15520537495162562
                },
                "VM3": {
                    "model": "QTedge",
                    "demand": 0.15183393301055828
                },
                "F11": {
                    "model": "PACSLTK",
                    "demandWarm": 2.5076009080549593,
                    "demandCold": 4.151927523096376
                },
                "F12": {
                    "model": "PACSLTK",
                    "demandWarm": 2.8957089487035583,
                    "demandCold": 4.8616552002113735
                }
            },
            "h7": {
                "VM1": {
                    "model": "QTedge",
                    "demand": 0.25199707328857324
                },
                "VM2": {
                    "model": "QTedge",
                    "demand": 0.17551233312198317
                },
                "VM3": {
                    "model": "QTedge",
                    "demand": 0.12405354360600179
                },
                "F13": {
                    "model": "PACSLTK",
                    "demandWarm": 2.4651333307143495,
                    "demandCold": 4.348050670145723
                },
                "F14": {
                    "model": "PACSLTK",
                    "demandWarm": 2.025263945431817,
                    "demandCold": 3.0744591032055455
                }
            },
            "h8": {
                "VM1": {
                    "model": "QTedge",
                    "demand": 0.22102457127137884
                },
                "VM2": {
                    "model": "QTedge",
                    "demand": 0.14557000015613208
                },
                "VM3": {
                    "model": "QTedge",
                    "demand": 0.12384678277192203
                },
                "F15": {
                    "model": "PACSLTK",
                    "demandWarm": 2.069033341617254,
                    "demandCold": 3.3265087650217975
                },
                "F16": {
                    "model": "PACSLTK",
                    "demandWarm": 2.3537218232292645,
                    "demandCold": 3.6168359934394156
                }
            }
        }
    },
    "Lambda": 0.1,
    "LocalConstraints": {
        "c2": {
            "local_res_time": 112.80740998814622
        },
        "c1": {
            "local_res_time": 104.93354494006597
        },
        "c4": {
            "local_res_time": 117.78861714118318
        }
    },
    "GlobalConstraints": {
        "p1": {
            "components": [
                "c2",
                "c4"
            ],
            "global_res_time": 330.7221275709938
        },
        "p2": {
            "components": [
                "c2",
                "c4",
                "c5"
            ],
            "global_res_time": 257.8314985709756
        },
        "p3": {
            "components": [
                "c1",
                "c2"
            ],
            "global_res_time": 291.2192697389153
        }
    },
    "NetworkTechnology": {
        "ND1": {
            "computationallayers": [
                "computationallayer1",
                "computationallayer2"
            ],
            "AccessDelay": 0.001,
            "Bandwidth": 2000
        },
        "ND2": {
            "computationallayers": [
                "computationallayer3",
                "computationallayer4"
            ],
            "AccessDelay": 0.001,
            "Bandwidth": 1500
        },
        "ND3": {
            "computationallayers": [
                "computationallayer1",
                "computationallayer2",
                "computationallayer3",
                "computationallayer4"
            ],
            "AccessDelay": 0.001,
            "Bandwidth": 1000
        }
    },
    "Time": 1
}
