{
    "DirectedAcyclicGraph": {
        "c1": {
            "next": [
                "c2",
                "c3",
                "c4",
                "c5"
            ],
            "transition_probability": [
                0.004228525771599675,
                0.17170122313937894,
                0.2950966115627272,
                0.5289736395262942
            ]
        },
        "c2": {
            "next": [
                "c3"
            ],
            "transition_probability": [
                1.0
            ]
        },
        "c3": {
            "next": [
                "c4",
                "c5"
            ],
            "transition_probability": [
                0.4673938912105822,
                0.5326061087894178
            ]
        },
        "c4": {
            "next": [],
            "transition_probability": []
        },
        "c5": {
            "next": [],
            "transition_probability": []
        }
    },
    "Components": {
        "c1": {
            "s1": {
                "h1": {
                    "next": [
                        "c2",
                        "c3",
                        "c4",
                        "c5"
                    ],
                    "data_size": [
                        5,
                        5,
                        6,
                        5
                    ],
                    "early_exit_probability": 0
                }
            },
            "s2": {
                "h2": {
                    "next": [
                        "h3"
                    ],
                    "early_exit_probability": 0.044160057931499574,
                    "data_size": [
                        5
                    ]
                },
                "h3": {
                    "next": [
                        "h4"
                    ],
                    "early_exit_probability": 0.8110621007989842,
                    "data_size": [
                        5
                    ]
                },
                "h4": {
                    "next": [
                        "h5"
                    ],
                    "early_exit_probability": 0.9489773067815628,
                    "data_size": [
                        7
                    ]
                },
                "h5": {
                    "next": [
                        "c2",
                        "c3",
                        "c4",
                        "c5"
                    ],
                    "early_exit_probability": 0,
                    "data_size": [
                        5,
                        5,
                        6,
                        5
                    ]
                }
            }
        },
        "c2": {
            "s1": {
                "h1": {
                    "next": [
                        "c3"
                    ],
                    "data_size": [
                        4
                    ],
                    "early_exit_probability": 0
                }
            }
        },
        "c3": {
            "s1": {
                "h1": {
                    "next": [
                        "c4",
                        "c5"
                    ],
                    "data_size": [
                        4,
                        6
                    ],
                    "early_exit_probability": 0
                }
            },
            "s2": {
                "h2": {
                    "next": [
                        "h3"
                    ],
                    "early_exit_probability": 0.8658827597899746,
                    "data_size": [
                        7
                    ]
                },
                "h3": {
                    "next": [
                        "h4"
                    ],
                    "early_exit_probability": 0.4084438601520147,
                    "data_size": [
                        7
                    ]
                },
                "h4": {
                    "next": [
                        "c4",
                        "c5"
                    ],
                    "early_exit_probability": 0,
                    "data_size": [
                        4,
                        6
                    ]
                }
            }
        },
        "c4": {
            "s1": {
                "h1": {
                    "next": [],
                    "data_size": [],
                    "early_exit_probability": 0
                }
            },
            "s2": {
                "h2": {
                    "next": [
                        "h3"
                    ],
                    "early_exit_probability": 0.2609720759704216,
                    "data_size": [
                        5
                    ]
                },
                "h3": {
                    "next": [
                        "h4"
                    ],
                    "early_exit_probability": 0.15822340718479944,
                    "data_size": [
                        4
                    ]
                },
                "h4": {
                    "next": [
                        "h5"
                    ],
                    "early_exit_probability": 0.2111805567473477,
                    "data_size": [
                        6
                    ]
                },
                "h5": {
                    "next": [],
                    "early_exit_probability": 0,
                    "data_size": []
                }
            }
        },
        "c5": {
            "s1": {
                "h1": {
                    "next": [],
                    "data_size": [
                        6
                    ],
                    "early_exit_probability": 0
                }
            },
            "s2": {
                "h2": {
                    "next": [
                        "h3"
                    ],
                    "early_exit_probability": 0.3753684341676533,
                    "data_size": [
                        4
                    ]
                },
                "h3": {
                    "next": [
                        "h4"
                    ],
                    "early_exit_probability": 0.6239161135482231,
                    "data_size": [
                        7
                    ]
                },
                "h4": {
                    "next": [
                        "h5"
                    ],
                    "early_exit_probability": 0.1387512026650749,
                    "data_size": [
                        7
                    ]
                },
                "h5": {
                    "next": [],
                    "early_exit_probability": 0,
                    "data_size": [
                        5
                    ]
                }
            },
            "s3": {
                "h6": {
                    "next": [
                        "h7"
                    ],
                    "early_exit_probability": 0.35167371111015266,
                    "data_size": [
                        5
                    ]
                },
                "h7": {
                    "next": [],
                    "early_exit_probability": 0,
                    "data_size": [
                        7
                    ]
                }
            }
        }
    },
    "EdgeResources": {
        "computationallayer1": {
            "Drone1": {
                "number": 1,
                "cost": 4.358766371411678,
                "memory": 163840,
                "n_cores": 1
            }
        },
        "computationallayer2": {
            "EN1": {
                "number": 2,
                "cost": 6.166338183801485,
                "memory": 163840,
                "n_cores": 1
            },
            "EN2": {
                "number": 2,
                "cost": 6.505819225682778,
                "memory": 163840,
                "n_cores": 1
            }
        }
    },
    "CloudResources": {
        "computationallayer3": {
            "VM1": {
                "number": 4,
                "cost": 0.895501166056146,
                "memory": 163840,
                "n_cores": 1
            },
            "VM2": {
                "number": 3,
                "cost": 0.47228264268572717,
                "memory": 163840,
                "n_cores": 1
            },
            "VM3": {
                "number": 3,
                "cost": 0.5743392063568901,
                "memory": 163840,
                "n_cores": 1
            }
        }
    },
    "FaaSResources": {
        "computationallayer4": {
            "F1": {
                "cost": 0.4977941146173057,
                "memory": 163840,
                "idle_time_before_kill": 600
            },
            "F2": {
                "cost": 0.18244540457120684,
                "memory": 163840,
                "idle_time_before_kill": 600
            },
            "F3": {
                "cost": 0.9183830391397627,
                "memory": 163840,
                "idle_time_before_kill": 600
            },
            "F4": {
                "cost": 0.43182207134122763,
                "memory": 163840,
                "idle_time_before_kill": 600
            },
            "F5": {
                "cost": 0.8301881020983463,
                "memory": 163840,
                "idle_time_before_kill": 600
            },
            "F6": {
                "cost": 0.4167763046783626,
                "memory": 163840,
                "idle_time_before_kill": 600
            },
            "F7": {
                "cost": 0.904667588743367,
                "memory": 163840,
                "idle_time_before_kill": 600
            },
            "F8": {
                "cost": 0.40482521731090604,
                "memory": 163840,
                "idle_time_before_kill": 600
            },
            "F9": {
                "cost": 0.33117450309112273,
                "memory": 163840,
                "idle_time_before_kill": 600
            },
            "F10": {
                "cost": 0.5721387702727486,
                "memory": 163840,
                "idle_time_before_kill": 600
            },
            "F11": {
                "cost": 0.8454436490941133,
                "memory": 163840,
                "idle_time_before_kill": 600
            },
            "F12": {
                "cost": 0.861014311753072,
                "memory": 163840,
                "idle_time_before_kill": 600
            },
            "F13": {
                "cost": 0.5956881170683345,
                "memory": 163840,
                "idle_time_before_kill": 600
            },
            "F14": {
                "cost": 0.08466161102041025,
                "memory": 163840,
                "idle_time_before_kill": 600
            },
            "transition_cost": 0
        }
    },
    "CompatibilityMatrix": {
        "c1": {
            "h1": [
                {
                    "resource": "Drone1",
                    "memory": 512
                }
            ],
            "h2": [
                {
                    "resource": "Drone1",
                    "memory": 512
                }
            ],
            "h3": [
                {
                    "resource": "Drone1",
                    "memory": 256
                }
            ],
            "h4": [
                {
                    "resource": "Drone1",
                    "memory": 512
                }
            ],
            "h5": [
                {
                    "resource": "Drone1",
                    "memory": 512
                }
            ]
        },
        "c2": {
            "h1": [
                {
                    "resource": "Drone1",
                    "memory": 512
                },
                {
                    "resource": "EN1",
                    "memory": 2048
                },
                {
                    "resource": "EN2",
                    "memory": 2048
                }
            ]
        },
        "c3": {
            "h1": [
                {
                    "resource": "EN1",
                    "memory": 512
                },
                {
                    "resource": "EN2",
                    "memory": 512
                }
            ],
            "h2": [
                {
                    "resource": "EN1",
                    "memory": 2048
                },
                {
                    "resource": "EN2",
                    "memory": 1024
                }
            ],
            "h3": [
                {
                    "resource": "EN1",
                    "memory": 1024
                },
                {
                    "resource": "EN2",
                    "memory": 512
                }
            ],
            "h4": [
                {
                    "resource": "EN1",
                    "memory": 2048
                },
                {
                    "resource": "EN2",
                    "memory": 2048
                }
            ]
        },
        "c4": {
            "h1": [
                {
                    "resource": "EN1",
                    "memory": 2048
                },
                {
                    "resource": "EN2",
                    "memory": 1024
                },
                {
                    "resource": "VM1",
                    "memory": 2048
                },
                {
                    "resource": "VM2",
                    "memory": 2048
                },
                {
                    "resource": "VM3",
                    "memory": 2048
                }
            ],
            "h2": [
                {
                    "resource": "EN1",
                    "memory": 1024
                },
                {
                    "resource": "EN2",
                    "memory": 512
                },
                {
                    "resource": "VM1",
                    "memory": 4096
                },
                {
                    "resource": "VM2",
                    "memory": 4096
                },
                {
                    "resource": "VM3",
                    "memory": 4096
                }
            ],
            "h3": [
                {
                    "resource": "EN1",
                    "memory": 512
                },
                {
                    "resource": "EN2",
                    "memory": 2048
                },
                {
                    "resource": "VM1",
                    "memory": 2048
                },
                {
                    "resource": "VM2",
                    "memory": 4096
                },
                {
                    "resource": "VM3",
                    "memory": 2048
                }
            ],
            "h4": [
                {
                    "resource": "EN1",
                    "memory": 2048
                },
                {
                    "resource": "EN2",
                    "memory": 2048
                },
                {
                    "resource": "VM1",
                    "memory": 4096
                },
                {
                    "resource": "VM2",
                    "memory": 4096
                },
                {
                    "resource": "VM3",
                    "memory": 4096
                }
            ],
            "h5": [
                {
                    "resource": "EN1",
                    "memory": 1024
                },
                {
                    "resource": "EN2",
                    "memory": 1024
                },
                {
                    "resource": "VM1",
                    "memory": 2048
                },
                {
                    "resource": "VM2",
                    "memory": 4096
                },
                {
                    "resource": "VM3",
                    "memory": 4096
                }
            ]
        },
        "c5": {
            "h1": [
                {
                    "resource": "VM1",
                    "memory": 4096
                },
                {
                    "resource": "VM2",
                    "memory": 8192
                },
                {
                    "resource": "VM3",
                    "memory": 8192
                },
                {
                    "resource": "F1",
                    "memory": 4096
                },
                {
                    "resource": "F2",
                    "memory": 1024
                }
            ],
            "h2": [
                {
                    "resource": "VM1",
                    "memory": 4096
                },
                {
                    "resource": "VM2",
                    "memory": 8192
                },
                {
                    "resource": "VM3",
                    "memory": 4096
                },
                {
                    "resource": "F3",
                    "memory": 1024
                },
                {
                    "resource": "F4",
                    "memory": 1024
                }
            ],
            "h3": [
                {
                    "resource": "VM1",
                    "memory": 4096
                },
                {
                    "resource": "VM2",
                    "memory": 4096
                },
                {
                    "resource": "VM3",
                    "memory": 2048
                },
                {
                    "resource": "F5",
                    "memory": 2048
                },
                {
                    "resource": "F6",
                    "memory": 4096
                }
            ],
            "h4": [
                {
                    "resource": "VM1",
                    "memory": 2048
                },
                {
                    "resource": "VM2",
                    "memory": 2048
                },
                {
                    "resource": "VM3",
                    "memory": 2048
                },
                {
                    "resource": "F7",
                    "memory": 1024
                },
                {
                    "resource": "F8",
                    "memory": 4096
                }
            ],
            "h5": [
                {
                    "resource": "VM1",
                    "memory": 8192
                },
                {
                    "resource": "VM2",
                    "memory": 4096
                },
                {
                    "resource": "VM3",
                    "memory": 2048
                },
                {
                    "resource": "F9",
                    "memory": 2048
                },
                {
                    "resource": "F10",
                    "memory": 4096
                }
            ],
            "h6": [
                {
                    "resource": "VM1",
                    "memory": 8192
                },
                {
                    "resource": "VM2",
                    "memory": 4096
                },
                {
                    "resource": "VM3",
                    "memory": 8192
                },
                {
                    "resource": "F11",
                    "memory": 1024
                },
                {
                    "resource": "F12",
                    "memory": 4096
                }
            ],
            "h7": [
                {
                    "resource": "VM1",
                    "memory": 2048
                },
                {
                    "resource": "VM2",
                    "memory": 4096
                },
                {
                    "resource": "VM3",
                    "memory": 4096
                },
                {
                    "resource": "F13",
                    "memory": 1024
                },
                {
                    "resource": "F14",
                    "memory": 2048
                }
            ]
        }
    },
    "Performance": {
        "c1": {
            "h1": {
                "Drone1": {
                    "model": "QTedge",
                    "demand": 0.15972666073191748
                }
            },
            "h2": {
                "Drone1": {
                    "model": "QTedge",
                    "demand": 0.04859463242592921
                }
            },
            "h3": {
                "Drone1": {
                    "model": "QTedge",
                    "demand": 0.04896674792237479
                }
            },
            "h4": {
                "Drone1": {
                    "model": "QTedge",
                    "demand": 0.0479494827347804
                }
            },
            "h5": {
                "Drone1": {
                    "model": "QTedge",
                    "demand": 0.049651418542985387
                }
            }
        },
        "c2": {
            "h1": {
                "Drone1": {
                    "model": "QTedge",
                    "demand": 1.1628717193691938
                },
                "EN1": {
                    "model": "QTedge",
                    "demand": 0.8959368251806603
                },
                "EN2": {
                    "model": "QTedge",
                    "demand": 1.0751773303883163
                }
            }
        },
        "c3": {
            "h1": {
                "EN1": {
                    "model": "QTedge",
                    "demand": 0.654909059058922
                },
                "EN2": {
                    "model": "QTedge",
                    "demand": 0.9420116075618139
                }
            },
            "h2": {
                "EN1": {
                    "model": "QTedge",
                    "demand": 0.3098597913401002
                },
                "EN2": {
                    "model": "QTedge",
                    "demand": 0.4033415265085696
                }
            },
            "h3": {
                "EN1": {
                    "model": "QTedge",
                    "demand": 0.31463905434831996
                },
                "EN2": {
                    "model": "QTedge",
                    "demand": 0.3973502577642526
                }
            },
            "h4": {
                "EN1": {
                    "model": "QTedge",
                    "demand": 0.31467345029953264
                },
                "EN2": {
                    "model": "QTedge",
                    "demand": 0.3728742683160232
                }
            }
        },
        "c4": {
            "h1": {
                "EN1": {
                    "model": "QTedge",
                    "demand": 0.6765141255744761
                },
                "EN2": {
                    "model": "QTedge",
                    "demand": 1.0838398153805038
                },
                "VM1": {
                    "model": "QTedge",
                    "demand": 0.36030782234959735
                },
                "VM2": {
                    "model": "QTedge",
                    "demand": 0.642898547719903
                },
                "VM3": {
                    "model": "QTedge",
                    "demand": 0.4726884575067694
                }
            },
            "h2": {
                "EN1": {
                    "model": "QTedge",
                    "demand": 0.2557784672734188
                },
                "EN2": {
                    "model": "QTedge",
                    "demand": 0.35489422396907516
                },
                "VM1": {
                    "model": "QTedge",
                    "demand": 0.1813780989386603
                },
                "VM2": {
                    "model": "QTedge",
                    "demand": 0.22809720376552853
                },
                "VM3": {
                    "model": "QTedge",
                    "demand": 0.1711161190845985
                }
            },
            "h3": {
                "EN1": {
                    "model": "QTedge",
                    "demand": 0.2588496972724511
                },
                "EN2": {
                    "model": "QTedge",
                    "demand": 0.34139129318262085
                },
                "VM1": {
                    "model": "QTedge",
                    "demand": 0.1872668308815516
                },
                "VM2": {
                    "model": "QTedge",
                    "demand": 0.21941362661773953
                },
                "VM3": {
                    "model": "QTedge",
                    "demand": 0.2153014068630414
                }
            },
            "h4": {
                "EN1": {
                    "model": "QTedge",
                    "demand": 0.22334765214944463
                },
                "EN2": {
                    "model": "QTedge",
                    "demand": 0.3540750755732971
                },
                "VM1": {
                    "model": "QTedge",
                    "demand": 0.16925413236962378
                },
                "VM2": {
                    "model": "QTedge",
                    "demand": 0.24706778790101497
                },
                "VM3": {
                    "model": "QTedge",
                    "demand": 0.2133909455498309
                }
            },
            "h5": {
                "EN1": {
                    "model": "QTedge",
                    "demand": 0.2498695037309214
                },
                "EN2": {
                    "model": "QTedge",
                    "demand": 0.32769723632604714
                },
                "VM1": {
                    "model": "QTedge",
                    "demand": 0.16367535896980104
                },
                "VM2": {
                    "model": "QTedge",
                    "demand": 0.2424531113556209
                },
                "VM3": {
                    "model": "QTedge",
                    "demand": 0.19276149615319202
                }
            }
        },
        "c5": {
            "h1": {
                "VM1": {
                    "model": "QTedge",
                    "demand": 0.665707133083389
                },
                "VM2": {
                    "model": "QTedge",
                    "demand": 0.6679469178916395
                },
                "VM3": {
                    "model": "QTedge",
                    "demand": 0.4499807268665048
                },
                "F1": {
                    "model": "PACSLTK",
                    "demandWarm": 2.8561837709278177,
                    "demandCold": 4.740381634903086
                },
                "F2": {
                    "model": "PACSLTK",
                    "demandWarm": 2.951970420448516,
                    "demandCold": 3.9684540339387224
                }
            },
            "h2": {
                "VM1": {
                    "model": "QTedge",
                    "demand": 0.24091124024230343
                },
                "VM2": {
                    "model": "QTedge",
                    "demand": 0.2605063364923069
                },
                "VM3": {
                    "model": "QTedge",
                    "demand": 0.2073997703194689
                },
                "F3": {
                    "model": "PACSLTK",
                    "demandWarm": 2.8840423841536413,
                    "demandCold": 3.903984744615927
                },
                "F4": {
                    "model": "PACSLTK",
                    "demandWarm": 2.1184455163335847,
                    "demandCold": 3.4937856596699204
                }
            },
            "h3": {
                "VM1": {
                    "model": "QTedge",
                    "demand": 0.244694001439969
                },
                "VM2": {
                    "model": "QTedge",
                    "demand": 0.2615361164486946
                },
                "VM3": {
                    "model": "QTedge",
                    "demand": 0.1783090070462997
                },
                "F5": {
                    "model": "PACSLTK",
                    "demandWarm": 2.194947686327857,
                    "demandCold": 3.589084025350287
                },
                "F6": {
                    "model": "PACSLTK",
                    "demandWarm": 2.445125193060268,
                    "demandCold": 4.069278437390592
                }
            },
            "h4": {
                "VM1": {
                    "model": "QTedge",
                    "demand": 0.2208654261403574
                },
                "VM2": {
                    "model": "QTedge",
                    "demand": 0.2584576269589602
                },
                "VM3": {
                    "model": "QTedge",
                    "demand": 0.20183179743838042
                },
                "F7": {
                    "model": "PACSLTK",
                    "demandWarm": 2.3916680584354637,
                    "demandCold": 3.6940354084066915
                },
                "F8": {
                    "model": "PACSLTK",
                    "demandWarm": 2.3358494099024565,
                    "demandCold": 4.243314056330538
                }
            },
            "h5": {
                "VM1": {
                    "model": "QTedge",
                    "demand": 0.23179761395743909
                },
                "VM2": {
                    "model": "QTedge",
                    "demand": 0.2668569289469824
                },
                "VM3": {
                    "model": "QTedge",
                    "demand": 0.1772268097324372
                },
                "F9": {
                    "model": "PACSLTK",
                    "demandWarm": 2.6153620139359104,
                    "demandCold": 3.8105931739913985
                },
                "F10": {
                    "model": "PACSLTK",
                    "demandWarm": 2.3334563817637943,
                    "demandCold": 4.219590613117927
                }
            },
            "h6": {
                "VM1": {
                    "model": "QTedge",
                    "demand": 0.4039718639454812
                },
                "VM2": {
                    "model": "QTedge",
                    "demand": 0.4278273542822046
                },
                "VM3": {
                    "model": "QTedge",
                    "demand": 0.30482825786127987
                },
                "F11": {
                    "model": "PACSLTK",
                    "demandWarm": 2.4057592091345645,
                    "demandCold": 4.377462531595409
                },
                "F12": {
                    "model": "PACSLTK",
                    "demandWarm": 2.0524348786864026,
                    "demandCold": 3.9111557271756876
                }
            },
            "h7": {
                "VM1": {
                    "model": "QTedge",
                    "demand": 0.3871993474238328
                },
                "VM2": {
                    "model": "QTedge",
                    "demand": 0.3885189865268653
                },
                "VM3": {
                    "model": "QTedge",
                    "demand": 0.3028444671965126
                },
                "F13": {
                    "model": "PACSLTK",
                    "demandWarm": 2.4628497540447616,
                    "demandCold": 3.887642008540125
                },
                "F14": {
                    "model": "PACSLTK",
                    "demandWarm": 2.123227888729412,
                    "demandCold": 3.580167130491477
                }
            }
        }
    },
    "Lambda": 0.1,
    "LocalConstraints": {
        "c3": {
            "local_res_time": 135.40724374456892
        },
        "c1": {
            "local_res_time": 147.710954466634
        },
        "c4": {
            "local_res_time": 127.44025591410413
        }
    },
    "GlobalConstraints": {
        "p1": {
            "components": [
                "c2",
                "c3"
            ],
            "global_res_time": 277.0710326461925
        },
        "p2": {
            "components": [
                "c1",
                "c3",
                "c5"
            ],
            "global_res_time": 393.09339609314236
        },
        "p3": {
            "components": [
                "c1",
                "c2",
                "c3"
            ],
            "global_res_time": 291.91804062859103
        }
    },
    "NetworkTechnology": {
        "ND1": {
            "computationallayers": [
                "computationallayer1",
                "computationallayer2"
            ],
            "AccessDelay": 0.001,
            "Bandwidth": 2000
        },
        "ND2": {
            "computationallayers": [
                "computationallayer3",
                "computationallayer4"
            ],
            "AccessDelay": 0.001,
            "Bandwidth": 1500
        },
        "ND3": {
            "computationallayers": [
                "computationallayer1",
                "computationallayer2",
                "computationallayer3",
                "computationallayer4"
            ],
            "AccessDelay": 0.001,
            "Bandwidth": 1000
        }
    },
    "Time": 1
}
