{
    "DirectedAcyclicGraph": {
        "c1": {
            "next": [
                "c2",
                "c4",
                "c5"
            ],
            "transition_probability": [
                0.2928651503016599,
                0.39771567489224574,
                0.3094191748060945
            ]
        },
        "c2": {
            "next": [
                "c4",
                "c5",
                "c3"
            ],
            "transition_probability": [
                0.3876138091702874,
                0.1156542031655279,
                0.4967319876641847
            ]
        },
        "c4": {
            "next": [
                "c5"
            ],
            "transition_probability": [
                1.0
            ]
        },
        "c5": {
            "next": [],
            "transition_probability": []
        },
        "c3": {
            "next": [
                "c5"
            ],
            "transition_probability": [
                1.0
            ]
        }
    },
    "Components": {
        "c1": {
            "s1": {
                "h1": {
                    "next": [
                        "c2",
                        "c4",
                        "c5"
                    ],
                    "data_size": [
                        5,
                        7,
                        6
                    ],
                    "early_exit_probability": 0
                }
            },
            "s2": {
                "h2": {
                    "next": [
                        "h3"
                    ],
                    "early_exit_probability": 0.8007445686755367,
                    "data_size": [
                        5
                    ]
                },
                "h3": {
                    "next": [
                        "c2",
                        "c4",
                        "c5"
                    ],
                    "early_exit_probability": 0,
                    "data_size": [
                        5,
                        7,
                        6
                    ]
                }
            }
        },
        "c2": {
            "s1": {
                "h1": {
                    "next": [
                        "c4",
                        "c5",
                        "c3"
                    ],
                    "data_size": [
                        6,
                        5,
                        5
                    ],
                    "early_exit_probability": 0
                }
            },
            "s2": {
                "h2": {
                    "next": [
                        "h3"
                    ],
                    "early_exit_probability": 0.8291469073671416,
                    "data_size": [
                        4
                    ]
                },
                "h3": {
                    "next": [
                        "c4",
                        "c5",
                        "c3"
                    ],
                    "early_exit_probability": 0,
                    "data_size": [
                        6,
                        5,
                        5
                    ]
                }
            }
        },
        "c3": {
            "s1": {
                "h1": {
                    "next": [
                        "c5"
                    ],
                    "data_size": [
                        7
                    ],
                    "early_exit_probability": 0
                }
            },
            "s2": {
                "h2": {
                    "next": [
                        "h3"
                    ],
                    "early_exit_probability": 0.6705280400689455,
                    "data_size": [
                        7
                    ]
                },
                "h3": {
                    "next": [
                        "h4"
                    ],
                    "early_exit_probability": 0.42110762500505217,
                    "data_size": [
                        5
                    ]
                },
                "h4": {
                    "next": [
                        "h5"
                    ],
                    "early_exit_probability": 0.411787878969053,
                    "data_size": [
                        7
                    ]
                },
                "h5": {
                    "next": [
                        "c5"
                    ],
                    "early_exit_probability": 0,
                    "data_size": [
                        7
                    ]
                }
            }
        },
        "c4": {
            "s1": {
                "h1": {
                    "next": [
                        "c5"
                    ],
                    "data_size": [
                        4
                    ],
                    "early_exit_probability": 0
                }
            }
        },
        "c5": {
            "s1": {
                "h1": {
                    "next": [],
                    "data_size": [
                        6
                    ],
                    "early_exit_probability": 0
                }
            }
        }
    },
    "EdgeResources": {
        "computationallayer1": {
            "Drone1": {
                "number": 1,
                "cost": 4.018288277344192,
                "memory": 163840,
                "n_cores": 1
            }
        },
        "computationallayer2": {
            "EN1": {
                "number": 2,
                "cost": 7.500288629889935,
                "memory": 163840,
                "n_cores": 1
            },
            "EN2": {
                "number": 2,
                "cost": 7.977722177812989,
                "memory": 163840,
                "n_cores": 1
            }
        }
    },
    "CloudResources": {
        "computationallayer3": {
            "VM1": {
                "number": 3,
                "cost": 0.2984952947530447,
                "memory": 163840,
                "n_cores": 1
            },
            "VM2": {
                "number": 3,
                "cost": 1.578558656902977,
                "memory": 163840,
                "n_cores": 1
            },
            "VM3": {
                "number": 3,
                "cost": 0.2200925152277987,
                "memory": 163840,
                "n_cores": 1
            }
        }
    },
    "FaaSResources": {
        "computationallayer4": {
            "F1": {
                "cost": 0.4692385264381431,
                "memory": 163840,
                "idle_time_before_kill": 600
            },
            "F2": {
                "cost": 0.09617226044546168,
                "memory": 163840,
                "idle_time_before_kill": 600
            },
            "transition_cost": 0
        }
    },
    "CompatibilityMatrix": {
        "c1": {
            "h1": [
                {
                    "resource": "Drone1",
                    "memory": 512
                }
            ],
            "h2": [
                {
                    "resource": "Drone1",
                    "memory": 256
                }
            ],
            "h3": [
                {
                    "resource": "Drone1",
                    "memory": 512
                }
            ]
        },
        "c2": {
            "h1": [
                {
                    "resource": "Drone1",
                    "memory": 512
                },
                {
                    "resource": "EN1",
                    "memory": 1024
                },
                {
                    "resource": "EN2",
                    "memory": 512
                }
            ],
            "h2": [
                {
                    "resource": "Drone1",
                    "memory": 256
                },
                {
                    "resource": "EN1",
                    "memory": 2048
                },
                {
                    "resource": "EN2",
                    "memory": 2048
                }
            ],
            "h3": [
                {
                    "resource": "Drone1",
                    "memory": 512
                },
                {
                    "resource": "EN1",
                    "memory": 512
                },
                {
                    "resource": "EN2",
                    "memory": 512
                }
            ]
        },
        "c3": {
            "h1": [
                {
                    "resource": "EN1",
                    "memory": 1024
                },
                {
                    "resource": "EN2",
                    "memory": 512
                }
            ],
            "h2": [
                {
                    "resource": "EN1",
                    "memory": 512
                },
                {
                    "resource": "EN2",
                    "memory": 512
                }
            ],
            "h3": [
                {
                    "resource": "EN1",
                    "memory": 1024
                },
                {
                    "resource": "EN2",
                    "memory": 512
                }
            ],
            "h4": [
                {
                    "resource": "EN1",
                    "memory": 512
                },
                {
                    "resource": "EN2",
                    "memory": 1024
                }
            ],
            "h5": [
                {
                    "resource": "EN1",
                    "memory": 1024
                },
                {
                    "resource": "EN2",
                    "memory": 512
                }
            ]
        },
        "c4": {
            "h1": [
                {
                    "resource": "EN1",
                    "memory": 512
                },
                {
                    "resource": "EN2",
                    "memory": 512
                },
                {
                    "resource": "VM1",
                    "memory": 8192
                },
                {
                    "resource": "VM2",
                    "memory": 8192
                },
                {
                    "resource": "VM3",
                    "memory": 8192
                }
            ]
        },
        "c5": {
            "h1": [
                {
                    "resource": "VM1",
                    "memory": 2048
                },
                {
                    "resource": "VM2",
                    "memory": 8192
                },
                {
                    "resource": "VM3",
                    "memory": 4096
                },
                {
                    "resource": "F1",
                    "memory": 1024
                },
                {
                    "resource": "F2",
                    "memory": 4096
                }
            ]
        }
    },
    "Performance": {
        "c1": {
            "h1": {
                "Drone1": {
                    "model": "QTedge",
                    "demand": 0.19033701664788674
                }
            },
            "h2": {
                "Drone1": {
                    "model": "QTedge",
                    "demand": 0.1027925052082956
                }
            },
            "h3": {
                "Drone1": {
                    "model": "QTedge",
                    "demand": 0.10356268598864282
                }
            }
        },
        "c2": {
            "h1": {
                "Drone1": {
                    "model": "QTedge",
                    "demand": 1.211628116000059
                },
                "EN1": {
                    "model": "QTedge",
                    "demand": 0.7327733296861131
                },
                "EN2": {
                    "model": "QTedge",
                    "demand": 0.8457865796401691
                }
            },
            "h2": {
                "Drone1": {
                    "model": "QTedge",
                    "demand": 0.667364829110659
                },
                "EN1": {
                    "model": "QTedge",
                    "demand": 0.4430590893733153
                },
                "EN2": {
                    "model": "QTedge",
                    "demand": 0.5203901967467166
                }
            },
            "h3": {
                "Drone1": {
                    "model": "QTedge",
                    "demand": 0.6940883132220731
                },
                "EN1": {
                    "model": "QTedge",
                    "demand": 0.4186539512717892
                },
                "EN2": {
                    "model": "QTedge",
                    "demand": 0.4798915957796703
                }
            }
        },
        "c3": {
            "h1": {
                "EN1": {
                    "model": "QTedge",
                    "demand": 0.9962017928980096
                },
                "EN2": {
                    "model": "QTedge",
                    "demand": 0.6149006790911966
                }
            },
            "h2": {
                "EN1": {
                    "model": "QTedge",
                    "demand": 0.31792966528205713
                },
                "EN2": {
                    "model": "QTedge",
                    "demand": 0.2306464044867984
                }
            },
            "h3": {
                "EN1": {
                    "model": "QTedge",
                    "demand": 0.3171134992350835
                },
                "EN2": {
                    "model": "QTedge",
                    "demand": 0.2322755978320538
                }
            },
            "h4": {
                "EN1": {
                    "model": "QTedge",
                    "demand": 0.3053661924767468
                },
                "EN2": {
                    "model": "QTedge",
                    "demand": 0.23823539916055642
                }
            },
            "h5": {
                "EN1": {
                    "model": "QTedge",
                    "demand": 0.3164953653233945
                },
                "EN2": {
                    "model": "QTedge",
                    "demand": 0.21722156436105045
                }
            }
        },
        "c4": {
            "h1": {
                "EN1": {
                    "model": "QTedge",
                    "demand": 1.0479431090980336
                },
                "EN2": {
                    "model": "QTedge",
                    "demand": 0.8140455949356475
                },
                "VM1": {
                    "model": "QTedge",
                    "demand": 0.6824200235741927
                },
                "VM2": {
                    "model": "QTedge",
                    "demand": 0.5317207489092239
                },
                "VM3": {
                    "model": "QTedge",
                    "demand": 0.5108478601045608
                }
            }
        },
        "c5": {
            "h1": {
                "VM1": {
                    "model": "QTedge",
                    "demand": 0.48919480719356584
                },
                "VM2": {
                    "model": "QTedge",
                    "demand": 0.4040684013806406
                },
                "VM3": {
                    "model": "QTedge",
                    "demand": 0.31851349012151386
                },
                "F1": {
                    "model": "PACSLTK",
                    "demandWarm": 2.6171449136207237,
                    "demandCold": 3.9437898153928197
                },
                "F2": {
                    "model": "PACSLTK",
                    "demandWarm": 2.009007996961043,
                    "demandCold": 3.7180505189538886
                }
            }
        }
    },
    "Lambda": 0.1,
    "LocalConstraints": {
        "c2": {
            "local_res_time": 13.822962851202492
        },
        "c4": {
            "local_res_time": 10.079106214232782
        },
        "c1": {
            "local_res_time": 13.45448458758462
        }
    },
    "GlobalConstraints": {
        "p1": {
            "components": [
                "c1",
                "c2"
            ],
            "global_res_time": 32.08712557000694
        },
        "p2": {
            "components": [
                "c2",
                "c3"
            ],
            "global_res_time": 31.964672550484558
        },
        "p3": {
            "components": [
                "c1",
                "c4",
                "c5"
            ],
            "global_res_time": 38.845368033197246
        }
    },
    "NetworkTechnology": {
        "ND1": {
            "computationallayers": [
                "computationallayer1",
                "computationallayer2"
            ],
            "AccessDelay": 0.001,
            "Bandwidth": 2000
        },
        "ND2": {
            "computationallayers": [
                "computationallayer3",
                "computationallayer4"
            ],
            "AccessDelay": 0.001,
            "Bandwidth": 1500
        },
        "ND3": {
            "computationallayers": [
                "computationallayer1",
                "computationallayer2",
                "computationallayer3",
                "computationallayer4"
            ],
            "AccessDelay": 0.001,
            "Bandwidth": 1000
        }
    },
    "Time": 1
}
