{
  "Lambda": 1.8,
  "components": {
    "c1": {
      "s1": {
        "h1": {
          "computationallayer1": {
            "Drone1": {
              "description": "No description",
              "cost": 4.030929194710986,
              "memory": 491520.0,
              "number": 1
            }
          },
          "response_time": 0.3208163564602785
        }
      },
      "response_time": 0.3208163564602785,
      "response_time_threshold": "inf"
    },
    "c2": {
      "s1": {
        "h1": {
          "computationallayer1": {
            "Drone1": {
              "description": "No description",
              "cost": 4.030929194710986,
              "memory": 491520.0,
              "number": 1
            }
          },
          "response_time": 0.5792869275411143
        }
      },
      "response_time": 0.5792869275411143,
      "response_time_threshold": 88.39971034436388
    },
    "c3": {
      "s1": {
        "h1": {
          "computationallayer3": {
            "EN8": {
              "description": "No description",
              "cost": 7.97205270198231,
              "memory": 491520.0,
              "number": 1
            }
          },
          "response_time": 123.81869971722433
        }
      },
      "response_time": 123.81869971722433,
      "response_time_threshold": "inf"
    },
    "c4": {
      "s2": {
        "h2": {
          "computationallayer3": {
            "EN8": {
              "description": "No description",
              "cost": 7.97205270198231,
              "memory": 491520.0,
              "number": 1
            }
          },
          "response_time": 65.54259188330622
        },
        "h3": {
          "computationallayer1": {
            "Drone1": {
              "description": "No description",
              "cost": 4.030929194710986,
              "memory": 491520.0,
              "number": 1
            }
          },
          "response_time": 1.8727822765545101
        }
      },
      "response_time": 67.10274811698402,
      "response_time_threshold": 73.60078099885074
    },
    "c5": {
      "s1": {
        "h1": {
          "computationallayer3": {
            "EN8": {
              "description": "No description",
              "cost": 7.97205270198231,
              "memory": 491520.0,
              "number": 1
            }
          },
          "response_time": 74.5041693554703
        }
      },
      "response_time": 74.5041693554703,
      "response_time_threshold": "inf"
    },
    "c6": {
      "s3": {
        "h6": {
          "computationallayer2": {
            "EN1": {
              "description": "No description",
              "cost": 6.4641967785285015,
              "memory": 491520.0,
              "number": 1
            }
          },
          "response_time": 0.9620235942500994
        },
        "h7": {
          "computationallayer3": {
            "EN8": {
              "description": "No description",
              "cost": 7.97205270198231,
              "memory": 491520.0,
              "number": 1
            }
          },
          "response_time": 39.87634253898761
        },
        "h8": {
          "computationallayer2": {
            "EN1": {
              "description": "No description",
              "cost": 6.4641967785285015,
              "memory": 491520.0,
              "number": 1
            }
          },
          "response_time": 0.9055468049473475
        }
      },
      "response_time": 32.80246722632363,
      "response_time_threshold": 93.09504894295536
    },
    "c7": {
      "s1": {
        "h1": {
          "computationallayer3": {
            "EN8": {
              "description": "No description",
              "cost": 7.97205270198231,
              "memory": 491520.0,
              "number": 1
            }
          },
          "response_time": 80.46292530324546
        }
      },
      "response_time": 80.46292530324546,
      "response_time_threshold": 98.68480330404948
    },
    "c8": {
      "s3": {
        "h4": {
          "computationallayer3": {
            "EN8": {
              "description": "No description",
              "cost": 7.97205270198231,
              "memory": 491520.0,
              "number": 1
            }
          },
          "response_time": 32.37465691325911
        },
        "h5": {
          "computationallayer2": {
            "EN1": {
              "description": "No description",
              "cost": 6.4641967785285015,
              "memory": 491520.0,
              "number": 1
            }
          },
          "response_time": 0.7374066878959828
        },
        "h6": {
          "computationallayer3": {
            "EN8": {
              "description": "No description",
              "cost": 7.97205270198231,
              "memory": 491520.0,
              "number": 1
            }
          },
          "response_time": 29.564109154192646
        },
        "h7": {
          "computationallayer3": {
            "EN8": {
              "description": "No description",
              "cost": 7.97205270198231,
              "memory": 491520.0,
              "number": 1
            }
          },
          "response_time": 28.55448115362252
        }
      },
      "response_time": 39.58278544173312,
      "response_time_threshold": "inf"
    },
    "c9": {
      "s1": {
        "h1": {
          "computationallayer2": {
            "EN1": {
              "description": "No description",
              "cost": 6.4641967785285015,
              "memory": 491520.0,
              "number": 1
            }
          },
          "response_time": 2.1006961280719167
        }
      },
      "response_time": 2.1006961280719167,
      "response_time_threshold": "inf"
    },
    "c10": {
      "s1": {
        "h1": {
          "computationallayer5": {
            "VM10": {
              "description": "No description",
              "cost": 0.2502528288657835,
              "memory": 491520.0,
              "number": 1
            }
          },
          "response_time": 3.704012669642791
        }
      },
      "response_time": 3.704012669642791,
      "response_time_threshold": "inf"
    },
    "c11": {
      "s1": {
        "h1": {
          "computationallayer4": {
            "VM1": {
              "description": "No description",
              "cost": 0.09259240598589669,
              "memory": 491520.0,
              "number": 2
            }
          },
          "response_time": 1.1423022137282033
        }
      },
      "response_time": 1.1423022137282033,
      "response_time_threshold": "inf"
    },
    "c12": {
      "s2": {
        "h2": {
          "computationallayer4": {
            "VM1": {
              "description": "No description",
              "cost": 0.09259240598589669,
              "memory": 491520.0,
              "number": 2
            }
          },
          "response_time": 0.43054216410601637
        },
        "h3": {
          "computationallayer5": {
            "VM10": {
              "description": "No description",
              "cost": 0.2502528288657835,
              "memory": 491520.0,
              "number": 1
            }
          },
          "response_time": 1.3788101531468273
        },
        "h4": {
          "computationallayer5": {
            "VM10": {
              "description": "No description",
              "cost": 0.2502528288657835,
              "memory": 491520.0,
              "number": 1
            }
          },
          "response_time": 1.5514629915036984
        }
      },
      "response_time": 2.8569467654909317,
      "response_time_threshold": "inf"
    },
    "c13": {
      "s1": {
        "h1": {
          "computationallayer4": {
            "VM1": {
              "description": "No description",
              "cost": 0.09259240598589669,
              "memory": 491520.0,
              "number": 2
            }
          },
          "response_time": 1.0057082755877542
        }
      },
      "response_time": 1.0057082755877542,
      "response_time_threshold": "inf"
    },
    "c14": {
      "s1": {
        "h1": {
          "computationallayer5": {
            "VM10": {
              "description": "No description",
              "cost": 0.2502528288657835,
              "memory": 491520.0,
              "number": 1
            }
          },
          "response_time": 1.4133532975599448
        }
      },
      "response_time": 1.4133532975599448,
      "response_time_threshold": 77.2922671820252
    },
    "c15": {
      "s1": {
        "h1": {
          "computationallayer4": {
            "VM1": {
              "description": "No description",
              "cost": 0.09259240598589669,
              "memory": 491520.0,
              "number": 2
            }
          },
          "response_time": 0.5720167281511557
        }
      },
      "response_time": 0.5720167281511557,
      "response_time_threshold": "inf"
    }
  },
  "global_constraints": {
    "p1": {
      "components": [
        "c12",
        "c13",
        "c14"
      ],
      "global_res_time": 246.7029042039209,
      "path_response_time": 5.292008338638631
    },
    "p2": {
      "components": [
        "c12",
        "c13",
        "c14",
        "c15"
      ],
      "global_res_time": 234.8113814318468,
      "path_response_time": 5.8710250667897865
    },
    "p3": {
      "components": [
        "c7",
        "c11",
        "c12",
        "c13",
        "c14"
      ],
      "global_res_time": 220.10303545880245,
      "path_response_time": 86.90223585561228
    },
    "p4": {
      "components": [
        "c2",
        "c3",
        "c9",
        "c11",
        "c12",
        "c14"
      ],
      "global_res_time": 200.0283921868764,
      "path_response_time": 131.93128504961646
    },
    "p5": {
      "components": [
        "c5",
        "c8",
        "c10"
      ],
      "global_res_time": 208.84759737361875,
      "path_response_time": 117.79796746684622
    }
  },
  "total_cost": "18.81002391007348"
}