{
  "Lambda": 1.8,
  "components": {
    "c1": {
      "s3": {
        "h5": {
          "computationallayer1": {
            "Drone1": {
              "description": "No description",
              "cost": 4.2030319807878165,
              "memory": 491520.0,
              "number": 1
            }
          },
          "response_time": 0.11066161640919434
        },
        "h6": {
          "computationallayer1": {
            "Drone1": {
              "description": "No description",
              "cost": 4.2030319807878165,
              "memory": 491520.0,
              "number": 1
            }
          },
          "response_time": 0.11041540737507487
        },
        "h7": {
          "computationallayer1": {
            "Drone1": {
              "description": "No description",
              "cost": 4.2030319807878165,
              "memory": 491520.0,
              "number": 1
            }
          },
          "response_time": 0.11043409016261407
        },
        "h8": {
          "computationallayer1": {
            "Drone1": {
              "description": "No description",
              "cost": 4.2030319807878165,
              "memory": 491520.0,
              "number": 1
            }
          },
          "response_time": 0.10829131010328284
        }
      },
      "response_time": 0.2092621229684297,
      "response_time_threshold": "inf"
    },
    "c2": {
      "s1": {
        "h1": {
          "computationallayer1": {
            "Drone1": {
              "description": "No description",
              "cost": 4.2030319807878165,
              "memory": 491520.0,
              "number": 1
            }
          },
          "response_time": 0.297907859568094
        }
      },
      "response_time": 0.297907859568094,
      "response_time_threshold": 7.9296794274254605
    },
    "c3": {
      "s3": {
        "h6": {
          "computationallayer3": {
            "EN6": {
              "description": "No description",
              "cost": 7.267432954581341,
              "memory": 491520.0,
              "number": 1
            }
          },
          "response_time": 0.8424640140075359
        },
        "h7": {
          "computationallayer3": {
            "EN6": {
              "description": "No description",
              "cost": 7.267432954581341,
              "memory": 491520.0,
              "number": 1
            }
          },
          "response_time": 0.8772486550740414
        },
        "h8": {
          "computationallayer3": {
            "EN6": {
              "description": "No description",
              "cost": 7.267432954581341,
              "memory": 491520.0,
              "number": 1
            }
          },
          "response_time": 0.8065412817372737
        }
      },
      "response_time": 1.3094019675635997,
      "response_time_threshold": "inf"
    },
    "c4": {
      "s3": {
        "h5": {
          "computationallayer1": {
            "Drone1": {
              "description": "No description",
              "cost": 4.2030319807878165,
              "memory": 491520.0,
              "number": 1
            }
          },
          "response_time": 0.9179548321817788
        },
        "h6": {
          "computationallayer1": {
            "Drone1": {
              "description": "No description",
              "cost": 4.2030319807878165,
              "memory": 491520.0,
              "number": 1
            }
          },
          "response_time": 0.9337950208280923
        },
        "h7": {
          "computationallayer3": {
            "EN6": {
              "description": "No description",
              "cost": 7.267432954581341,
              "memory": 491520.0,
              "number": 1
            }
          },
          "response_time": 0.7619978889938773
        },
        "h8": {
          "computationallayer1": {
            "Drone1": {
              "description": "No description",
              "cost": 4.2030319807878165,
              "memory": 491520.0,
              "number": 1
            }
          },
          "response_time": 0.8704403421525058
        }
      },
      "response_time": 1.184855565359234,
      "response_time_threshold": 9.45623677902792
    },
    "c5": {
      "s2": {
        "h2": {
          "computationallayer3": {
            "EN6": {
              "description": "No description",
              "cost": 7.267432954581341,
              "memory": 491520.0,
              "number": 1
            }
          },
          "response_time": 1.5577648911784494
        },
        "h3": {
          "computationallayer3": {
            "EN6": {
              "description": "No description",
              "cost": 7.267432954581341,
              "memory": 491520.0,
              "number": 1
            }
          },
          "response_time": 1.551718907666229
        }
      },
      "response_time": 2.7704366602561254,
      "response_time_threshold": "inf"
    },
    "c6": {
      "s2": {
        "h2": {
          "computationallayer3": {
            "EN6": {
              "description": "No description",
              "cost": 7.267432954581341,
              "memory": 491520.0,
              "number": 1
            }
          },
          "response_time": 0.9833412388607577
        },
        "h3": {
          "computationallayer3": {
            "EN6": {
              "description": "No description",
              "cost": 7.267432954581341,
              "memory": 491520.0,
              "number": 1
            }
          },
          "response_time": 0.9950200329764474
        },
        "h4": {
          "computationallayer3": {
            "EN6": {
              "description": "No description",
              "cost": 7.267432954581341,
              "memory": 491520.0,
              "number": 1
            }
          },
          "response_time": 1.0122922338159541
        },
        "h5": {
          "computationallayer3": {
            "EN6": {
              "description": "No description",
              "cost": 7.267432954581341,
              "memory": 491520.0,
              "number": 1
            }
          },
          "response_time": 1.0567517176503467
        }
      },
      "response_time": 2.24943486093167,
      "response_time_threshold": "inf"
    },
    "c7": {
      "s2": {
        "h2": {
          "computationallayer3": {
            "EN6": {
              "description": "No description",
              "cost": 7.267432954581341,
              "memory": 491520.0,
              "number": 1
            }
          },
          "response_time": 1.0455461983252266
        },
        "h3": {
          "computationallayer3": {
            "EN6": {
              "description": "No description",
              "cost": 7.267432954581341,
              "memory": 491520.0,
              "number": 1
            }
          },
          "response_time": 1.0314334872949567
        },
        "h4": {
          "computationallayer3": {
            "EN6": {
              "description": "No description",
              "cost": 7.267432954581341,
              "memory": 491520.0,
              "number": 1
            }
          },
          "response_time": 0.9657211676663496
        }
      },
      "response_time": 2.252421076058867,
      "response_time_threshold": 8.13284648262454
    },
    "c8": {
      "s2": {
        "h2": {
          "computationallayer3": {
            "EN6": {
              "description": "No description",
              "cost": 7.267432954581341,
              "memory": 491520.0,
              "number": 1
            }
          },
          "response_time": 1.3347193358851999
        },
        "h3": {
          "computationallayer3": {
            "EN6": {
              "description": "No description",
              "cost": 7.267432954581341,
              "memory": 491520.0,
              "number": 1
            }
          },
          "response_time": 1.4295679808750321
        }
      },
      "response_time": 1.8591391419767331,
      "response_time_threshold": "inf"
    },
    "c9": {
      "s1": {
        "h1": {
          "computationallayer4": {
            "VM3": {
              "description": "No description",
              "cost": 0.04413136622256342,
              "memory": 491520.0,
              "number": 3
            }
          },
          "response_time": 0.34439814111452033
        }
      },
      "response_time": 0.34439814111452033,
      "response_time_threshold": "inf"
    },
    "c10": {
      "s1": {
        "h1": {
          "computationallayer6": {
            "VM13": {
              "description": "No description",
              "cost": 0.39975193733840897,
              "memory": 491520.0,
              "number": 1
            }
          },
          "response_time": 3.0509810076187343
        }
      },
      "response_time": 3.0509810076187343,
      "response_time_threshold": "inf"
    },
    "c11": {
      "s1": {
        "h1": {
          "computationallayer6": {
            "VM13": {
              "description": "No description",
              "cost": 0.39975193733840897,
              "memory": 491520.0,
              "number": 1
            }
          },
          "response_time": 1.6096361119671607
        }
      },
      "response_time": 1.6096361119671607,
      "response_time_threshold": "inf"
    },
    "c12": {
      "s1": {
        "h1": {
          "computationallayer7": {
            "F2": {
              "description": "No description",
              "cost": 0.3453018019400864,
              "memory": 491520.0,
              "idle_time_before_kill": 600.0,
              "transition_cost": 0.0
            }
          },
          "response_time": 2.6777668079174815
        }
      },
      "response_time": 2.6777668079174815,
      "response_time_threshold": 9.63694840352378
    },
    "c13": {
      "s1": {
        "h1": {
          "computationallayer6": {
            "VM13": {
              "description": "No description",
              "cost": 0.39975193733840897,
              "memory": 491520.0,
              "number": 1
            }
          },
          "response_time": 1.8269749142020395
        }
      },
      "response_time": 1.8269749142020395,
      "response_time_threshold": "inf"
    },
    "c14": {
      "s1": {
        "h1": {
          "computationallayer7": {
            "F16": {
              "description": "No description",
              "cost": 0.03005952660207789,
              "memory": 491520.0,
              "idle_time_before_kill": 600.0,
              "transition_cost": 0.0
            }
          },
          "response_time": 2.5730567366202726
        }
      },
      "response_time": 2.5730567366202726,
      "response_time_threshold": "inf"
    },
    "c15": {
      "s1": {
        "h1": {
          "computationallayer4": {
            "VM3": {
              "description": "No description",
              "cost": 0.04413136622256342,
              "memory": 491520.0,
              "number": 3
            }
          },
          "response_time": 0.8890745028660452
        }
      },
      "response_time": 0.8890745028660452,
      "response_time_threshold": 9.941868520987812
    }
  },
  "global_constraints": {
    "p1": {
      "components": [
        "c9",
        "c11",
        "c12"
      ],
      "global_res_time": 20.797792670828006,
      "path_response_time": 4.644801060999162
    },
    "p2": {
      "components": [
        "c5",
        "c9",
        "c11"
      ],
      "global_res_time": 20.179501537430564,
      "path_response_time": 4.738137580004473
    },
    "p3": {
      "components": [
        "c3",
        "c4",
        "c5",
        "c8",
        "c9",
        "c11",
        "c12",
        "c14"
      ],
      "global_res_time": 23.49437116662075,
      "path_response_time": 14.366691132775127
    },
    "p4": {
      "components": [
        "c2",
        "c3",
        "c5",
        "c8",
        "c9",
        "c10",
        "c11",
        "c12",
        "c14"
      ],
      "global_res_time": 21.44406193094795,
      "path_response_time": 16.52372443460272
    },
    "p5": {
      "components": [
        "c2",
        "c4",
        "c8"
      ],
      "global_res_time": 21.68780000685205,
      "path_response_time": 3.349902566904061
    }
  },
  "total_cost": "12.543484407712377"
}