{
  "Lambda": 1.8,
  "components": {
    "c1": {
      "s1": {
        "h1": {
          "computationallayer1": {
            "Drone1": {
              "description": "No description",
              "cost": 4.156532212731753,
              "memory": 491520.0,
              "number": 1
            }
          },
          "response_time": 1.3548936081014764
        }
      },
      "response_time": 1.3548936081014764,
      "response_time_threshold": "inf"
    },
    "c2": {
      "s3": {
        "h5": {
          "computationallayer1": {
            "Drone1": {
              "description": "No description",
              "cost": 4.156532212731753,
              "memory": 491520.0,
              "number": 1
            }
          },
          "response_time": 0.6791207193425901
        },
        "h6": {
          "computationallayer1": {
            "Drone1": {
              "description": "No description",
              "cost": 4.156532212731753,
              "memory": 491520.0,
              "number": 1
            }
          },
          "response_time": 0.6652575214443183
        },
        "h7": {
          "computationallayer1": {
            "Drone1": {
              "description": "No description",
              "cost": 4.156532212731753,
              "memory": 491520.0,
              "number": 1
            }
          },
          "response_time": 0.7194245756297344
        },
        "h8": {
          "computationallayer1": {
            "Drone1": {
              "description": "No description",
              "cost": 4.156532212731753,
              "memory": 491520.0,
              "number": 1
            }
          },
          "response_time": 0.7098189997382918
        }
      },
      "response_time": 1.4252570186182205,
      "response_time_threshold": 9.911719739930968
    },
    "c3": {
      "s1": {
        "h1": {
          "computationallayer1": {
            "Drone1": {
              "description": "No description",
              "cost": 4.156532212731753,
              "memory": 491520.0,
              "number": 1
            }
          },
          "response_time": 12.08028595414164
        }
      },
      "response_time": 12.08028595414164,
      "response_time_threshold": "inf"
    },
    "c4": {
      "s2": {
        "h2": {
          "computationallayer2": {
            "EN2": {
              "description": "No description",
              "cost": 6.209030483966539,
              "memory": 491520.0,
              "number": 1
            }
          },
          "response_time": 1.4891466298754976
        },
        "h3": {
          "computationallayer2": {
            "EN2": {
              "description": "No description",
              "cost": 6.209030483966539,
              "memory": 491520.0,
              "number": 1
            }
          },
          "response_time": 1.5614224581484324
        },
        "h4": {
          "computationallayer2": {
            "EN2": {
              "description": "No description",
              "cost": 6.209030483966539,
              "memory": 491520.0,
              "number": 1
            }
          },
          "response_time": 1.5432289792952172
        },
        "h5": {
          "computationallayer2": {
            "EN2": {
              "description": "No description",
              "cost": 6.209030483966539,
              "memory": 491520.0,
              "number": 1
            }
          },
          "response_time": 1.4636155562227169
        }
      },
      "response_time": 2.679216599760513,
      "response_time_threshold": "inf"
    },
    "c5": {
      "s1": {
        "h1": {
          "computationallayer1": {
            "Drone1": {
              "description": "No description",
              "cost": 4.156532212731753,
              "memory": 491520.0,
              "number": 1
            }
          },
          "response_time": 12.558016821145316
        }
      },
      "response_time": 12.558016821145316,
      "response_time_threshold": "inf"
    },
    "c6": {
      "s1": {
        "h1": {
          "computationallayer2": {
            "EN2": {
              "description": "No description",
              "cost": 6.209030483966539,
              "memory": 491520.0,
              "number": 1
            }
          },
          "response_time": 5.047492917095341
        }
      },
      "response_time": 5.047492917095341,
      "response_time_threshold": "inf"
    },
    "c7": {
      "s1": {
        "h1": {
          "computationallayer2": {
            "EN2": {
              "description": "No description",
              "cost": 6.209030483966539,
              "memory": 491520.0,
              "number": 1
            }
          },
          "response_time": 5.546876347531424
        }
      },
      "response_time": 5.546876347531424,
      "response_time_threshold": 8.831901054473065
    },
    "c8": {
      "s2": {
        "h2": {
          "computationallayer2": {
            "EN2": {
              "description": "No description",
              "cost": 6.209030483966539,
              "memory": 491520.0,
              "number": 1
            }
          },
          "response_time": 2.045952938878859
        },
        "h3": {
          "computationallayer2": {
            "EN2": {
              "description": "No description",
              "cost": 6.209030483966539,
              "memory": 491520.0,
              "number": 1
            }
          },
          "response_time": 1.9860933323411194
        }
      },
      "response_time": 2.547941111557242,
      "response_time_threshold": 9.681559897124146
    },
    "c9": {
      "s1": {
        "h1": {
          "computationallayer2": {
            "EN2": {
              "description": "No description",
              "cost": 6.209030483966539,
              "memory": 491520.0,
              "number": 1
            }
          },
          "response_time": 3.4046065420719716
        }
      },
      "response_time": 3.4046065420719716,
      "response_time_threshold": "inf"
    },
    "c10": {
      "s1": {
        "h1": {
          "computationallayer2": {
            "EN2": {
              "description": "No description",
              "cost": 6.209030483966539,
              "memory": 491520.0,
              "number": 1
            }
          },
          "response_time": 3.8340153189522277
        }
      },
      "response_time": 3.8340153189522277,
      "response_time_threshold": "inf"
    },
    "c11": {
      "s1": {
        "h1": {
          "computationallayer5": {
            "VM9": {
              "description": "No description",
              "cost": 1.8621747048293962,
              "memory": 491520.0,
              "number": 3
            }
          },
          "response_time": 1.062772759932084
        }
      },
      "response_time": 1.062772759932084,
      "response_time_threshold": "inf"
    },
    "c12": {
      "s1": {
        "h1": {
          "computationallayer5": {
            "VM9": {
              "description": "No description",
              "cost": 1.8621747048293962,
              "memory": 491520.0,
              "number": 3
            }
          },
          "response_time": 2.139089120552858
        }
      },
      "response_time": 2.139089120552858,
      "response_time_threshold": "inf"
    },
    "c13": {
      "s3": {
        "h4": {
          "computationallayer5": {
            "VM9": {
              "description": "No description",
              "cost": 1.8621747048293962,
              "memory": 491520.0,
              "number": 3
            }
          },
          "response_time": 0.7665587355893547
        },
        "h5": {
          "computationallayer7": {
            "F16": {
              "description": "No description",
              "cost": 0.1133569073753995,
              "memory": 491520.0,
              "idle_time_before_kill": 600.0,
              "transition_cost": 0.0
            }
          },
          "response_time": 2.0325099788652348
        },
        "h6": {
          "computationallayer7": {
            "F17": {
              "description": "No description",
              "cost": 0.049324777512436246,
              "memory": 491520.0,
              "idle_time_before_kill": 600.0,
              "transition_cost": 0.0
            }
          },
          "response_time": 2.599081970570279
        }
      },
      "response_time": 1.5355549676256497,
      "response_time_threshold": 7.005076866419355
    },
    "c14": {
      "s1": {
        "h1": {
          "computationallayer5": {
            "VM9": {
              "description": "No description",
              "cost": 1.8621747048293962,
              "memory": 491520.0,
              "number": 3
            }
          },
          "response_time": 2.309087172889488
        }
      },
      "response_time": 2.309087172889488,
      "response_time_threshold": 7.748325965868485
    },
    "c15": {
      "s1": {
        "h1": {
          "computationallayer5": {
            "VM9": {
              "description": "No description",
              "cost": 1.8621747048293962,
              "memory": 491520.0,
              "number": 3
            }
          },
          "response_time": 0.9592837828347818
        }
      },
      "response_time": 0.9592837828347818,
      "response_time_threshold": "inf"
    }
  },
  "global_constraints": {
    "p1": {
      "components": [
        "c9",
        "c11",
        "c12",
        "c13",
        "c14"
      ],
      "global_res_time": 22.07739840721461,
      "path_response_time": 10.463110563072052
    },
    "p2": {
      "components": [
        "c6",
        "c7",
        "c9",
        "c10"
      ],
      "global_res_time": 22.299269070411736,
      "path_response_time": 17.832991125650967
    },
    "p3": {
      "components": [
        "c13",
        "c14",
        "c15"
      ],
      "global_res_time": 20.558603382205693,
      "path_response_time": 4.8089259233499195
    },
    "p4": {
      "components": [
        "c4",
        "c7",
        "c9",
        "c10"
      ],
      "global_res_time": 23.381580675627056,
      "path_response_time": 15.464714808316137
    },
    "p5": {
      "components": [
        "c1",
        "c2",
        "c3",
        "c4",
        "c8"
      ],
      "global_res_time": 23.576570405888056,
      "path_response_time": 20.090594292179095
    }
  },
  "total_cost": "12.507996809952857"
}