{
    "DirectedAcyclicGraph": {
        "c1": {
            "next": [
                "c2",
                "c4",
                "c5"
            ],
            "transition_probability": [
                0.24025167776673995,
                0.44590887885163666,
                0.3138394433816235
            ]
        },
        "c2": {
            "next": [
                "c4",
                "c5",
                "c3"
            ],
            "transition_probability": [
                0.40151205451604494,
                0.2826510691066988,
                0.3158368763772563
            ]
        },
        "c4": {
            "next": [
                "c5"
            ],
            "transition_probability": [
                1.0
            ]
        },
        "c5": {
            "next": [],
            "transition_probability": []
        },
        "c3": {
            "next": [
                "c4"
            ],
            "transition_probability": [
                1.0
            ]
        }
    },
    "Components": {
        "c1": {
            "s1": {
                "h1": {
                    "next": [
                        "c2",
                        "c4",
                        "c5"
                    ],
                    "data_size": [
                        6,
                        6,
                        7
                    ],
                    "early_exit_probability": 0
                }
            },
            "s2": {
                "h2": {
                    "next": [
                        "h3"
                    ],
                    "early_exit_probability": 0.4581845779305287,
                    "data_size": [
                        5
                    ]
                },
                "h3": {
                    "next": [
                        "h4"
                    ],
                    "early_exit_probability": 0.7186372365641943,
                    "data_size": [
                        6
                    ]
                },
                "h4": {
                    "next": [
                        "c2",
                        "c4",
                        "c5"
                    ],
                    "early_exit_probability": 0,
                    "data_size": [
                        6,
                        6,
                        7
                    ]
                }
            }
        },
        "c2": {
            "s1": {
                "h1": {
                    "next": [
                        "c4",
                        "c5",
                        "c3"
                    ],
                    "data_size": [
                        7,
                        7,
                        5
                    ],
                    "early_exit_probability": 0
                }
            },
            "s2": {
                "h2": {
                    "next": [
                        "h3"
                    ],
                    "early_exit_probability": 0.12482417438060978,
                    "data_size": [
                        5
                    ]
                },
                "h3": {
                    "next": [
                        "c4",
                        "c5",
                        "c3"
                    ],
                    "early_exit_probability": 0,
                    "data_size": [
                        7,
                        7,
                        5
                    ]
                }
            },
            "s3": {
                "h4": {
                    "next": [
                        "h5"
                    ],
                    "early_exit_probability": 0.22328359934133513,
                    "data_size": [
                        6
                    ]
                },
                "h5": {
                    "next": [
                        "h6"
                    ],
                    "early_exit_probability": 0.2169511603235601,
                    "data_size": [
                        5
                    ]
                },
                "h6": {
                    "next": [
                        "h7"
                    ],
                    "early_exit_probability": 0.46024139966225197,
                    "data_size": [
                        6
                    ]
                },
                "h7": {
                    "next": [
                        "c4",
                        "c5",
                        "c3"
                    ],
                    "early_exit_probability": 0,
                    "data_size": [
                        7,
                        7,
                        5
                    ]
                }
            }
        },
        "c3": {
            "s1": {
                "h1": {
                    "next": [
                        "c4"
                    ],
                    "data_size": [
                        7
                    ],
                    "early_exit_probability": 0
                }
            },
            "s2": {
                "h2": {
                    "next": [
                        "h3"
                    ],
                    "early_exit_probability": 0.7200975769559453,
                    "data_size": [
                        7
                    ]
                },
                "h3": {
                    "next": [
                        "h4"
                    ],
                    "early_exit_probability": 0.9373495346449046,
                    "data_size": [
                        7
                    ]
                },
                "h4": {
                    "next": [
                        "c4"
                    ],
                    "early_exit_probability": 0,
                    "data_size": [
                        7
                    ]
                }
            },
            "s3": {
                "h5": {
                    "next": [
                        "h6"
                    ],
                    "early_exit_probability": 0.8216046933355488,
                    "data_size": [
                        4
                    ]
                },
                "h6": {
                    "next": [
                        "h7"
                    ],
                    "early_exit_probability": 0.402472509036773,
                    "data_size": [
                        7
                    ]
                },
                "h7": {
                    "next": [
                        "h8"
                    ],
                    "early_exit_probability": 0.3882192501729024,
                    "data_size": [
                        4
                    ]
                },
                "h8": {
                    "next": [
                        "c4"
                    ],
                    "early_exit_probability": 0,
                    "data_size": [
                        7
                    ]
                }
            }
        },
        "c4": {
            "s1": {
                "h1": {
                    "next": [
                        "c5"
                    ],
                    "data_size": [
                        4
                    ],
                    "early_exit_probability": 0
                }
            },
            "s2": {
                "h2": {
                    "next": [
                        "h3"
                    ],
                    "early_exit_probability": 0.450499280745166,
                    "data_size": [
                        5
                    ]
                },
                "h3": {
                    "next": [
                        "h4"
                    ],
                    "early_exit_probability": 0.7321871050419554,
                    "data_size": [
                        5
                    ]
                },
                "h4": {
                    "next": [
                        "h5"
                    ],
                    "early_exit_probability": 0.08245855331170848,
                    "data_size": [
                        5
                    ]
                },
                "h5": {
                    "next": [
                        "c5"
                    ],
                    "early_exit_probability": 0,
                    "data_size": [
                        4
                    ]
                }
            }
        },
        "c5": {
            "s1": {
                "h1": {
                    "next": [],
                    "data_size": [
                        4
                    ],
                    "early_exit_probability": 0
                }
            },
            "s2": {
                "h2": {
                    "next": [
                        "h3"
                    ],
                    "early_exit_probability": 0.4911981916715158,
                    "data_size": [
                        5
                    ]
                },
                "h3": {
                    "next": [],
                    "early_exit_probability": 0,
                    "data_size": [
                        5
                    ]
                }
            }
        }
    },
    "EdgeResources": {
        "computationallayer1": {
            "Drone1": {
                "number": 1,
                "cost": 4.151655960613869,
                "memory": 163840,
                "n_cores": 1
            }
        },
        "computationallayer2": {
            "EN1": {
                "number": 2,
                "cost": 7.60916421316275,
                "memory": 163840,
                "n_cores": 1
            },
            "EN2": {
                "number": 2,
                "cost": 7.227618049602732,
                "memory": 163840,
                "n_cores": 1
            }
        }
    },
    "CloudResources": {
        "computationallayer3": {
            "VM1": {
                "number": 3,
                "cost": 0.18910711553486437,
                "memory": 163840,
                "n_cores": 1
            },
            "VM2": {
                "number": 4,
                "cost": 1.1201519942913714,
                "memory": 163840,
                "n_cores": 1
            },
            "VM3": {
                "number": 4,
                "cost": 1.8450721029671282,
                "memory": 163840,
                "n_cores": 1
            }
        }
    },
    "FaaSResources": {
        "computationallayer4": {
            "F1": {
                "cost": 0.8852640797373716,
                "memory": 163840,
                "idle_time_before_kill": 600
            },
            "F2": {
                "cost": 0.976553020407678,
                "memory": 163840,
                "idle_time_before_kill": 600
            },
            "F3": {
                "cost": 0.8369085929071826,
                "memory": 163840,
                "idle_time_before_kill": 600
            },
            "F4": {
                "cost": 0.1808246260859393,
                "memory": 163840,
                "idle_time_before_kill": 600
            },
            "F5": {
                "cost": 0.6184105084545883,
                "memory": 163840,
                "idle_time_before_kill": 600
            },
            "F6": {
                "cost": 0.47610887327334417,
                "memory": 163840,
                "idle_time_before_kill": 600
            },
            "transition_cost": 0
        }
    },
    "CompatibilityMatrix": {
        "c1": {
            "h1": [
                {
                    "resource": "Drone1",
                    "memory": 256
                }
            ],
            "h2": [
                {
                    "resource": "Drone1",
                    "memory": 256
                }
            ],
            "h3": [
                {
                    "resource": "Drone1",
                    "memory": 512
                }
            ],
            "h4": [
                {
                    "resource": "Drone1",
                    "memory": 256
                }
            ]
        },
        "c2": {
            "h1": [
                {
                    "resource": "Drone1",
                    "memory": 256
                },
                {
                    "resource": "EN1",
                    "memory": 512
                },
                {
                    "resource": "EN2",
                    "memory": 1024
                }
            ],
            "h2": [
                {
                    "resource": "Drone1",
                    "memory": 256
                },
                {
                    "resource": "EN1",
                    "memory": 1024
                },
                {
                    "resource": "EN2",
                    "memory": 1024
                }
            ],
            "h3": [
                {
                    "resource": "Drone1",
                    "memory": 512
                },
                {
                    "resource": "EN1",
                    "memory": 512
                },
                {
                    "resource": "EN2",
                    "memory": 512
                }
            ],
            "h4": [
                {
                    "resource": "Drone1",
                    "memory": 512
                },
                {
                    "resource": "EN1",
                    "memory": 2048
                },
                {
                    "resource": "EN2",
                    "memory": 1024
                }
            ],
            "h5": [
                {
                    "resource": "Drone1",
                    "memory": 256
                },
                {
                    "resource": "EN1",
                    "memory": 1024
                },
                {
                    "resource": "EN2",
                    "memory": 2048
                }
            ],
            "h6": [
                {
                    "resource": "Drone1",
                    "memory": 256
                },
                {
                    "resource": "EN1",
                    "memory": 1024
                },
                {
                    "resource": "EN2",
                    "memory": 512
                }
            ],
            "h7": [
                {
                    "resource": "Drone1",
                    "memory": 512
                },
                {
                    "resource": "EN1",
                    "memory": 512
                },
                {
                    "resource": "EN2",
                    "memory": 512
                }
            ]
        },
        "c3": {
            "h1": [
                {
                    "resource": "EN1",
                    "memory": 2048
                },
                {
                    "resource": "EN2",
                    "memory": 512
                }
            ],
            "h2": [
                {
                    "resource": "EN1",
                    "memory": 2048
                },
                {
                    "resource": "EN2",
                    "memory": 512
                }
            ],
            "h3": [
                {
                    "resource": "EN1",
                    "memory": 512
                },
                {
                    "resource": "EN2",
                    "memory": 2048
                }
            ],
            "h4": [
                {
                    "resource": "EN1",
                    "memory": 2048
                },
                {
                    "resource": "EN2",
                    "memory": 512
                }
            ],
            "h5": [
                {
                    "resource": "EN1",
                    "memory": 2048
                },
                {
                    "resource": "EN2",
                    "memory": 512
                }
            ],
            "h6": [
                {
                    "resource": "EN1",
                    "memory": 1024
                },
                {
                    "resource": "EN2",
                    "memory": 512
                }
            ],
            "h7": [
                {
                    "resource": "EN1",
                    "memory": 512
                },
                {
                    "resource": "EN2",
                    "memory": 1024
                }
            ],
            "h8": [
                {
                    "resource": "EN1",
                    "memory": 1024
                },
                {
                    "resource": "EN2",
                    "memory": 1024
                }
            ]
        },
        "c4": {
            "h1": [
                {
                    "resource": "EN1",
                    "memory": 512
                },
                {
                    "resource": "EN2",
                    "memory": 2048
                },
                {
                    "resource": "VM1",
                    "memory": 8192
                },
                {
                    "resource": "VM2",
                    "memory": 4096
                },
                {
                    "resource": "VM3",
                    "memory": 8192
                }
            ],
            "h2": [
                {
                    "resource": "EN1",
                    "memory": 512
                },
                {
                    "resource": "EN2",
                    "memory": 2048
                },
                {
                    "resource": "VM1",
                    "memory": 8192
                },
                {
                    "resource": "VM2",
                    "memory": 8192
                },
                {
                    "resource": "VM3",
                    "memory": 4096
                }
            ],
            "h3": [
                {
                    "resource": "EN1",
                    "memory": 1024
                },
                {
                    "resource": "EN2",
                    "memory": 2048
                },
                {
                    "resource": "VM1",
                    "memory": 2048
                },
                {
                    "resource": "VM2",
                    "memory": 8192
                },
                {
                    "resource": "VM3",
                    "memory": 2048
                }
            ],
            "h4": [
                {
                    "resource": "EN1",
                    "memory": 2048
                },
                {
                    "resource": "EN2",
                    "memory": 512
                },
                {
                    "resource": "VM1",
                    "memory": 4096
                },
                {
                    "resource": "VM2",
                    "memory": 8192
                },
                {
                    "resource": "VM3",
                    "memory": 8192
                }
            ],
            "h5": [
                {
                    "resource": "EN1",
                    "memory": 512
                },
                {
                    "resource": "EN2",
                    "memory": 1024
                },
                {
                    "resource": "VM1",
                    "memory": 4096
                },
                {
                    "resource": "VM2",
                    "memory": 8192
                },
                {
                    "resource": "VM3",
                    "memory": 8192
                }
            ]
        },
        "c5": {
            "h1": [
                {
                    "resource": "VM1",
                    "memory": 4096
                },
                {
                    "resource": "VM2",
                    "memory": 4096
                },
                {
                    "resource": "VM3",
                    "memory": 4096
                },
                {
                    "resource": "F1",
                    "memory": 4096
                },
                {
                    "resource": "F2",
                    "memory": 1024
                }
            ],
            "h2": [
                {
                    "resource": "VM1",
                    "memory": 2048
                },
                {
                    "resource": "VM2",
                    "memory": 2048
                },
                {
                    "resource": "VM3",
                    "memory": 8192
                },
                {
                    "resource": "F3",
                    "memory": 1024
                },
                {
                    "resource": "F4",
                    "memory": 2048
                }
            ],
            "h3": [
                {
                    "resource": "VM1",
                    "memory": 4096
                },
                {
                    "resource": "VM2",
                    "memory": 8192
                },
                {
                    "resource": "VM3",
                    "memory": 8192
                },
                {
                    "resource": "F5",
                    "memory": 1024
                },
                {
                    "resource": "F6",
                    "memory": 4096
                }
            ]
        }
    },
    "Performance": {
        "c1": {
            "h1": {
                "Drone1": {
                    "model": "QTedge",
                    "demand": 0.1404156654672728
                }
            },
            "h2": {
                "Drone1": {
                    "model": "QTedge",
                    "demand": 0.05593488826827018
                }
            },
            "h3": {
                "Drone1": {
                    "model": "QTedge",
                    "demand": 0.05455460382430376
                }
            },
            "h4": {
                "Drone1": {
                    "model": "QTedge",
                    "demand": 0.05531934710941632
                }
            }
        },
        "c2": {
            "h1": {
                "Drone1": {
                    "model": "QTedge",
                    "demand": 1.058837290164138
                },
                "EN1": {
                    "model": "QTedge",
                    "demand": 0.696332737375608
                },
                "EN2": {
                    "model": "QTedge",
                    "demand": 1.0623968824775982
                }
            },
            "h2": {
                "Drone1": {
                    "model": "QTedge",
                    "demand": 0.6118299071353945
                },
                "EN1": {
                    "model": "QTedge",
                    "demand": 0.41074707584632786
                },
                "EN2": {
                    "model": "QTedge",
                    "demand": 0.5832672163038441
                }
            },
            "h3": {
                "Drone1": {
                    "model": "QTedge",
                    "demand": 0.6035109645083598
                },
                "EN1": {
                    "model": "QTedge",
                    "demand": 0.41698194919789
                },
                "EN2": {
                    "model": "QTedge",
                    "demand": 0.5835825687886299
                }
            },
            "h4": {
                "Drone1": {
                    "model": "QTedge",
                    "demand": 0.3449026503763898
                },
                "EN1": {
                    "model": "QTedge",
                    "demand": 0.2534438688926888
                },
                "EN2": {
                    "model": "QTedge",
                    "demand": 0.3214508723961317
                }
            },
            "h5": {
                "Drone1": {
                    "model": "QTedge",
                    "demand": 0.31653974906283505
                },
                "EN1": {
                    "model": "QTedge",
                    "demand": 0.23985336312334055
                },
                "EN2": {
                    "model": "QTedge",
                    "demand": 0.35875074097436666
                }
            },
            "h6": {
                "Drone1": {
                    "model": "QTedge",
                    "demand": 0.3545495715600234
                },
                "EN1": {
                    "model": "QTedge",
                    "demand": 0.23022028553324006
                },
                "EN2": {
                    "model": "QTedge",
                    "demand": 0.35814394029582675
                }
            },
            "h7": {
                "Drone1": {
                    "model": "QTedge",
                    "demand": 0.32367963981801146
                },
                "EN1": {
                    "model": "QTedge",
                    "demand": 0.2632460179107768
                },
                "EN2": {
                    "model": "QTedge",
                    "demand": 0.3459990366611142
                }
            }
        },
        "c3": {
            "h1": {
                "EN1": {
                    "model": "QTedge",
                    "demand": 0.6208744380767767
                },
                "EN2": {
                    "model": "QTedge",
                    "demand": 0.8806375660958007
                }
            },
            "h2": {
                "EN1": {
                    "model": "QTedge",
                    "demand": 0.28517967118448573
                },
                "EN2": {
                    "model": "QTedge",
                    "demand": 0.38902063105847895
                }
            },
            "h3": {
                "EN1": {
                    "model": "QTedge",
                    "demand": 0.27113842101015595
                },
                "EN2": {
                    "model": "QTedge",
                    "demand": 0.36604564317780675
                }
            },
            "h4": {
                "EN1": {
                    "model": "QTedge",
                    "demand": 0.26961351840933456
                },
                "EN2": {
                    "model": "QTedge",
                    "demand": 0.38779505213043575
                }
            },
            "h5": {
                "EN1": {
                    "model": "QTedge",
                    "demand": 0.21934537955911176
                },
                "EN2": {
                    "model": "QTedge",
                    "demand": 0.3052411332911351
                }
            },
            "h6": {
                "EN1": {
                    "model": "QTedge",
                    "demand": 0.2075422984732329
                },
                "EN2": {
                    "model": "QTedge",
                    "demand": 0.2894349218152594
                }
            },
            "h7": {
                "EN1": {
                    "model": "QTedge",
                    "demand": 0.250643846866233
                },
                "EN2": {
                    "model": "QTedge",
                    "demand": 0.2736071310344367
                }
            },
            "h8": {
                "EN1": {
                    "model": "QTedge",
                    "demand": 0.21921717093885912
                },
                "EN2": {
                    "model": "QTedge",
                    "demand": 0.31109539591935237
                }
            }
        },
        "c4": {
            "h1": {
                "EN1": {
                    "model": "QTedge",
                    "demand": 0.6154311984003855
                },
                "EN2": {
                    "model": "QTedge",
                    "demand": 1.0113604702083339
                },
                "VM1": {
                    "model": "QTedge",
                    "demand": 0.5551955753781455
                },
                "VM2": {
                    "model": "QTedge",
                    "demand": 0.6255251009902811
                },
                "VM3": {
                    "model": "QTedge",
                    "demand": 0.22181083431462084
                }
            },
            "h2": {
                "EN1": {
                    "model": "QTedge",
                    "demand": 0.21509008131113166
                },
                "EN2": {
                    "model": "QTedge",
                    "demand": 0.351775807833407
                },
                "VM1": {
                    "model": "QTedge",
                    "demand": 0.218152614894577
                },
                "VM2": {
                    "model": "QTedge",
                    "demand": 0.2554653446844453
                },
                "VM3": {
                    "model": "QTedge",
                    "demand": 0.1538860125944274
                }
            },
            "h3": {
                "EN1": {
                    "model": "QTedge",
                    "demand": 0.2373624489000144
                },
                "EN2": {
                    "model": "QTedge",
                    "demand": 0.33032554494892524
                },
                "VM1": {
                    "model": "QTedge",
                    "demand": 0.2078681851977969
                },
                "VM2": {
                    "model": "QTedge",
                    "demand": 0.23858062590506368
                },
                "VM3": {
                    "model": "QTedge",
                    "demand": 0.15034153948413037
                }
            },
            "h4": {
                "EN1": {
                    "model": "QTedge",
                    "demand": 0.22005771916344175
                },
                "EN2": {
                    "model": "QTedge",
                    "demand": 0.337496302183525
                },
                "VM1": {
                    "model": "QTedge",
                    "demand": 0.22391232437294845
                },
                "VM2": {
                    "model": "QTedge",
                    "demand": 0.24588703712760268
                },
                "VM3": {
                    "model": "QTedge",
                    "demand": 0.1159815763591211
                }
            },
            "h5": {
                "EN1": {
                    "model": "QTedge",
                    "demand": 0.23665919080582187
                },
                "EN2": {
                    "model": "QTedge",
                    "demand": 0.3176831728936257
                },
                "VM1": {
                    "model": "QTedge",
                    "demand": 0.19176569247943648
                },
                "VM2": {
                    "model": "QTedge",
                    "demand": 0.24960309949418585
                },
                "VM3": {
                    "model": "QTedge",
                    "demand": 0.11320975344969283
                }
            }
        },
        "c5": {
            "h1": {
                "VM1": {
                    "model": "QTedge",
                    "demand": 0.3347740450082298
                },
                "VM2": {
                    "model": "QTedge",
                    "demand": 0.4741023253554688
                },
                "VM3": {
                    "model": "QTedge",
                    "demand": 0.32613872002227007
                },
                "F1": {
                    "model": "PACSLTK",
                    "demandWarm": 2.1205482270175473,
                    "demandCold": 3.3276372245655943
                },
                "F2": {
                    "model": "PACSLTK",
                    "demandWarm": 2.851895812568724,
                    "demandCold": 4.2931336802929465
                }
            },
            "h2": {
                "VM1": {
                    "model": "QTedge",
                    "demand": 0.22961656689098894
                },
                "VM2": {
                    "model": "QTedge",
                    "demand": 0.3083799501903523
                },
                "VM3": {
                    "model": "QTedge",
                    "demand": 0.24491353065239702
                },
                "F3": {
                    "model": "PACSLTK",
                    "demandWarm": 2.097154229359651,
                    "demandCold": 3.158816366926864
                },
                "F4": {
                    "model": "PACSLTK",
                    "demandWarm": 2.954547573958803,
                    "demandCold": 4.741396742499722
                }
            },
            "h3": {
                "VM1": {
                    "model": "QTedge",
                    "demand": 0.21810234508112997
                },
                "VM2": {
                    "model": "QTedge",
                    "demand": 0.2919076822462504
                },
                "VM3": {
                    "model": "QTedge",
                    "demand": 0.23401124528208367
                },
                "F5": {
                    "model": "PACSLTK",
                    "demandWarm": 2.5781534644263644,
                    "demandCold": 4.362681679098095
                },
                "F6": {
                    "model": "PACSLTK",
                    "demandWarm": 2.5647554818304577,
                    "demandCold": 4.358004538912095
                }
            }
        }
    },
    "Lambda": 0.1,
    "LocalConstraints": {
        "c2": {
            "local_res_time": 11.42356043881436
        },
        "c5": {
            "local_res_time": 14.566162696859507
        },
        "c1": {
            "local_res_time": 14.554760981770851
        }
    },
    "GlobalConstraints": {
        "p1": {
            "components": [
                "c3",
                "c4",
                "c5"
            ],
            "global_res_time": 39.14355551884237
        },
        "p2": {
            "components": [
                "c1",
                "c2",
                "c3",
                "c4"
            ],
            "global_res_time": 25.626663763425828
        },
        "p3": {
            "components": [
                "c4",
                "c5"
            ],
            "global_res_time": 28.254531826043475
        }
    },
    "NetworkTechnology": {
        "ND1": {
            "computationallayers": [
                "computationallayer1",
                "computationallayer2"
            ],
            "AccessDelay": 0.001,
            "Bandwidth": 2000
        },
        "ND2": {
            "computationallayers": [
                "computationallayer3",
                "computationallayer4"
            ],
            "AccessDelay": 0.001,
            "Bandwidth": 1500
        },
        "ND3": {
            "computationallayers": [
                "computationallayer1",
                "computationallayer2",
                "computationallayer3",
                "computationallayer4"
            ],
            "AccessDelay": 0.001,
            "Bandwidth": 1000
        }
    },
    "Time": 1
}
