{
  "Lambda": 1.8,
  "components": {
    "c1": {
      "s1": {
        "h1": {
          "computationallayer1": {
            "Drone1": {
              "description": "No description",
              "cost": 4.844734445392222,
              "memory": 491520.0,
              "number": 1
            }
          },
          "response_time": 0.7364476417885996
        }
      },
      "response_time": 0.7364476417885996,
      "response_time_threshold": 7.326985101788932
    },
    "c2": {
      "s1": {
        "h1": {
          "computationallayer1": {
            "Drone1": {
              "description": "No description",
              "cost": 4.844734445392222,
              "memory": 491520.0,
              "number": 1
            }
          },
          "response_time": 0.9098027811662077
        }
      },
      "response_time": 0.9098027811662077,
      "response_time_threshold": 9.310396562799422
    },
    "c3": {
      "s1": {
        "h1": {
          "computationallayer3": {
            "EN8": {
              "description": "No description",
              "cost": 6.031066551101672,
              "memory": 491520.0,
              "number": 1
            }
          },
          "response_time": 5.785227720937246
        }
      },
      "response_time": 5.785227720937246,
      "response_time_threshold": 8.937812722330898
    },
    "c4": {
      "s1": {
        "h1": {
          "computationallayer3": {
            "EN8": {
              "description": "No description",
              "cost": 6.031066551101672,
              "memory": 491520.0,
              "number": 1
            }
          },
          "response_time": 4.896140525097412
        }
      },
      "response_time": 4.896140525097412,
      "response_time_threshold": "inf"
    },
    "c5": {
      "s1": {
        "h1": {
          "computationallayer1": {
            "Drone1": {
              "description": "No description",
              "cost": 4.844734445392222,
              "memory": 491520.0,
              "number": 1
            }
          },
          "response_time": 10.079427251840778
        }
      },
      "response_time": 10.079427251840778,
      "response_time_threshold": "inf"
    },
    "c6": {
      "s3": {
        "h6": {
          "computationallayer3": {
            "EN8": {
              "description": "No description",
              "cost": 6.031066551101672,
              "memory": 491520.0,
              "number": 1
            }
          },
          "response_time": 3.2454745715668007
        },
        "h7": {
          "computationallayer3": {
            "EN8": {
              "description": "No description",
              "cost": 6.031066551101672,
              "memory": 491520.0,
              "number": 1
            }
          },
          "response_time": 3.0720218703724833
        }
      },
      "response_time": 6.195587855700401,
      "response_time_threshold": "inf"
    },
    "c7": {
      "s1": {
        "h1": {
          "computationallayer3": {
            "EN8": {
              "description": "No description",
              "cost": 6.031066551101672,
              "memory": 491520.0,
              "number": 1
            }
          },
          "response_time": 4.835660137387351
        }
      },
      "response_time": 4.835660137387351,
      "response_time_threshold": "inf"
    },
    "c8": {
      "s1": {
        "h1": {
          "computationallayer3": {
            "EN8": {
              "description": "No description",
              "cost": 6.031066551101672,
              "memory": 491520.0,
              "number": 1
            }
          },
          "response_time": 4.491997281348887
        }
      },
      "response_time": 4.491997281348887,
      "response_time_threshold": 8.866937586074853
    },
    "c9": {
      "s2": {
        "h2": {
          "computationallayer3": {
            "EN8": {
              "description": "No description",
              "cost": 6.031066551101672,
              "memory": 491520.0,
              "number": 1
            }
          },
          "response_time": 1.8995624476028492
        },
        "h3": {
          "computationallayer4": {
            "VM5": {
              "description": "No description",
              "cost": 0.4813679347864741,
              "memory": 491520.0,
              "number": 2
            }
          },
          "response_time": 0.2923899480927841
        },
        "h4": {
          "computationallayer4": {
            "VM5": {
              "description": "No description",
              "cost": 0.4813679347864741,
              "memory": 491520.0,
              "number": 2
            }
          },
          "response_time": 0.34532883363548
        },
        "h5": {
          "computationallayer4": {
            "VM5": {
              "description": "No description",
              "cost": 0.4813679347864741,
              "memory": 491520.0,
              "number": 2
            }
          },
          "response_time": 0.3517369607355046
        }
      },
      "response_time": 1.9645298177804258,
      "response_time_threshold": "inf"
    },
    "c10": {
      "s1": {
        "h1": {
          "computationallayer4": {
            "VM5": {
              "description": "No description",
              "cost": 0.4813679347864741,
              "memory": 491520.0,
              "number": 2
            }
          },
          "response_time": 1.0097125578656996
        }
      },
      "response_time": 1.0097125578656996,
      "response_time_threshold": "inf"
    },
    "c11": {
      "s3": {
        "h6": {
          "computationallayer6": {
            "VM15": {
              "description": "No description",
              "cost": 1.120858474632408,
              "memory": 491520.0,
              "number": 1
            }
          },
          "response_time": 0.9507675868318267
        },
        "h7": {
          "computationallayer4": {
            "VM5": {
              "description": "No description",
              "cost": 0.4813679347864741,
              "memory": 491520.0,
              "number": 2
            }
          },
          "response_time": 0.5014946758374831
        }
      },
      "response_time": 0.9888777331204575,
      "response_time_threshold": "inf"
    },
    "c12": {
      "s1": {
        "h1": {
          "computationallayer6": {
            "VM15": {
              "description": "No description",
              "cost": 1.120858474632408,
              "memory": 491520.0,
              "number": 1
            }
          },
          "response_time": 0.914306636519893
        }
      },
      "response_time": 0.914306636519893,
      "response_time_threshold": 7.735261572461811
    },
    "c13": {
      "s3": {
        "h6": {
          "computationallayer6": {
            "VM15": {
              "description": "No description",
              "cost": 1.120858474632408,
              "memory": 491520.0,
              "number": 1
            }
          },
          "response_time": 0.5259134006256451
        },
        "h7": {
          "computationallayer5": {
            "VM8": {
              "description": "No description",
              "cost": 0.003216199130859465,
              "memory": 491520.0,
              "number": 1
            }
          },
          "response_time": 1.0714203795439174
        }
      },
      "response_time": 1.4586616632803335,
      "response_time_threshold": "inf"
    },
    "c14": {
      "s1": {
        "h1": {
          "computationallayer5": {
            "VM8": {
              "description": "No description",
              "cost": 0.003216199130859465,
              "memory": 491520.0,
              "number": 1
            }
          },
          "response_time": 0.5369603897839553
        }
      },
      "response_time": 0.5369603897839553,
      "response_time_threshold": "inf"
    },
    "c15": {
      "s1": {
        "h1": {
          "computationallayer4": {
            "VM5": {
              "description": "No description",
              "cost": 0.4813679347864741,
              "memory": 491520.0,
              "number": 2
            }
          },
          "response_time": 1.1000991202109929
        }
      },
      "response_time": 1.1000991202109929,
      "response_time_threshold": "inf"
    }
  },
  "global_constraints": {
    "p1": {
      "components": [
        "c8",
        "c9",
        "c10"
      ],
      "global_res_time": 24.743499106950466,
      "path_response_time": 7.466239656995012
    },
    "p2": {
      "components": [
        "c5",
        "c10",
        "c11",
        "c12",
        "c13",
        "c14",
        "c15"
      ],
      "global_res_time": 21.268940177715777,
      "path_response_time": 16.116045352622105
    },
    "p3": {
      "components": [
        "c6",
        "c10",
        "c11"
      ],
      "global_res_time": 24.03756135821516,
      "path_response_time": 8.204844813353226
    },
    "p4": {
      "components": [
        "c2",
        "c3",
        "c6"
      ],
      "global_res_time": 22.80528237700276,
      "path_response_time": 12.896618357803854
    },
    "p5": {
      "components": [
        "c5",
        "c6",
        "c9"
      ],
      "global_res_time": 21.885712962925734,
      "path_response_time": 18.244544925321605
    }
  },
  "total_cost": "12.481243605043636"
}