{
  "Lambda": 1.8,
  "components": {
    "c1": {
      "s1": {
        "h1": {
          "computationallayer1": {
            "Drone1": {
              "description": "No description",
              "cost": 4.430272725488827,
              "memory": 491520.0,
              "number": 1
            }
          },
          "response_time": 0.5552339973237601
        }
      },
      "response_time": 0.5552339973237601,
      "response_time_threshold": "inf"
    },
    "c2": {
      "s1": {
        "h1": {
          "computationallayer1": {
            "Drone1": {
              "description": "No description",
              "cost": 4.430272725488827,
              "memory": 491520.0,
              "number": 1
            }
          },
          "response_time": 0.7426584003874206
        }
      },
      "response_time": 0.7426584003874206,
      "response_time_threshold": "inf"
    },
    "c3": {
      "s1": {
        "h1": {
          "computationallayer2": {
            "EN5": {
              "description": "No description",
              "cost": 12.05389904467421,
              "memory": 491520.0,
              "number": 2
            }
          },
          "response_time": 1.9401980949035353
        }
      },
      "response_time": 1.9401980949035353,
      "response_time_threshold": "inf"
    },
    "c4": {
      "s2": {
        "h2": {
          "computationallayer2": {
            "EN5": {
              "description": "No description",
              "cost": 12.05389904467421,
              "memory": 491520.0,
              "number": 2
            }
          },
          "response_time": 1.1043613331892213
        },
        "h3": {
          "computationallayer2": {
            "EN5": {
              "description": "No description",
              "cost": 12.05389904467421,
              "memory": 491520.0,
              "number": 2
            }
          },
          "response_time": 1.181314829278724
        }
      },
      "response_time": 1.835139429279081,
      "response_time_threshold": 9.644981038025252
    },
    "c5": {
      "s2": {
        "h2": {
          "computationallayer1": {
            "Drone1": {
              "description": "No description",
              "cost": 4.430272725488827,
              "memory": 491520.0,
              "number": 1
            }
          },
          "response_time": 1.8867957337251962
        },
        "h3": {
          "computationallayer2": {
            "EN5": {
              "description": "No description",
              "cost": 12.05389904467421,
              "memory": 491520.0,
              "number": 2
            }
          },
          "response_time": 0.7022027191757951
        },
        "h4": {
          "computationallayer1": {
            "Drone1": {
              "description": "No description",
              "cost": 4.430272725488827,
              "memory": 491520.0,
              "number": 1
            }
          },
          "response_time": 1.9628788115467783
        },
        "h5": {
          "computationallayer1": {
            "Drone1": {
              "description": "No description",
              "cost": 4.430272725488827,
              "memory": 491520.0,
              "number": 1
            }
          },
          "response_time": 1.884647628478533
        }
      },
      "response_time": 3.3290946247508724,
      "response_time_threshold": "inf"
    },
    "c6": {
      "s2": {
        "h2": {
          "computationallayer2": {
            "EN5": {
              "description": "No description",
              "cost": 12.05389904467421,
              "memory": 491520.0,
              "number": 2
            }
          },
          "response_time": 1.0597862987820776
        },
        "h3": {
          "computationallayer2": {
            "EN5": {
              "description": "No description",
              "cost": 12.05389904467421,
              "memory": 491520.0,
              "number": 2
            }
          },
          "response_time": 1.0939578697206511
        },
        "h4": {
          "computationallayer2": {
            "EN5": {
              "description": "No description",
              "cost": 12.05389904467421,
              "memory": 491520.0,
              "number": 2
            }
          },
          "response_time": 1.0888041406969424
        }
      },
      "response_time": 1.421850235073982,
      "response_time_threshold": "inf"
    },
    "c7": {
      "s1": {
        "h1": {
          "computationallayer2": {
            "EN5": {
              "description": "No description",
              "cost": 12.05389904467421,
              "memory": 491520.0,
              "number": 2
            }
          },
          "response_time": 2.499020565427049
        }
      },
      "response_time": 2.499020565427049,
      "response_time_threshold": "inf"
    },
    "c8": {
      "s1": {
        "h1": {
          "computationallayer2": {
            "EN5": {
              "description": "No description",
              "cost": 12.05389904467421,
              "memory": 491520.0,
              "number": 2
            }
          },
          "response_time": 2.5288030564034862
        }
      },
      "response_time": 2.5288030564034862,
      "response_time_threshold": "inf"
    },
    "c9": {
      "s2": {
        "h2": {
          "computationallayer2": {
            "EN5": {
              "description": "No description",
              "cost": 12.05389904467421,
              "memory": 491520.0,
              "number": 2
            }
          },
          "response_time": 0.9681954784344439
        },
        "h3": {
          "computationallayer2": {
            "EN5": {
              "description": "No description",
              "cost": 12.05389904467421,
              "memory": 491520.0,
              "number": 2
            }
          },
          "response_time": 0.9388393471710997
        },
        "h4": {
          "computationallayer2": {
            "EN5": {
              "description": "No description",
              "cost": 12.05389904467421,
              "memory": 491520.0,
              "number": 2
            }
          },
          "response_time": 0.9468961852028321
        }
      },
      "response_time": 1.9423218745134083,
      "response_time_threshold": 9.486799281593042
    },
    "c10": {
      "s2": {
        "h2": {
          "computationallayer2": {
            "EN5": {
              "description": "No description",
              "cost": 12.05389904467421,
              "memory": 491520.0,
              "number": 2
            }
          },
          "response_time": 1.075733213420552
        },
        "h3": {
          "computationallayer2": {
            "EN5": {
              "description": "No description",
              "cost": 12.05389904467421,
              "memory": 491520.0,
              "number": 2
            }
          },
          "response_time": 1.0858925020718595
        },
        "h4": {
          "computationallayer2": {
            "EN5": {
              "description": "No description",
              "cost": 12.05389904467421,
              "memory": 491520.0,
              "number": 2
            }
          },
          "response_time": 1.0371916091787061
        }
      },
      "response_time": 1.7593831011086598,
      "response_time_threshold": 9.571855614727395
    },
    "c11": {
      "s1": {
        "h1": {
          "computationallayer4": {
            "VM2": {
              "description": "No description",
              "cost": 0.9426540896376496,
              "memory": 491520.0,
              "number": 3
            }
          },
          "response_time": 1.2374670792751186
        }
      },
      "response_time": 1.2374670792751186,
      "response_time_threshold": 9.726605074265052
    },
    "c12": {
      "s2": {
        "h2": {
          "computationallayer4": {
            "VM2": {
              "description": "No description",
              "cost": 0.9426540896376496,
              "memory": 491520.0,
              "number": 3
            }
          },
          "response_time": 1.3898439997272167
        },
        "h3": {
          "computationallayer4": {
            "VM2": {
              "description": "No description",
              "cost": 0.9426540896376496,
              "memory": 491520.0,
              "number": 3
            }
          },
          "response_time": 1.2660331191715208
        }
      },
      "response_time": 2.103300578845844,
      "response_time_threshold": 8.85628835821445
    },
    "c13": {
      "s1": {
        "h1": {
          "computationallayer7": {
            "F8": {
              "description": "No description",
              "cost": 0.5988325473601285,
              "memory": 491520.0,
              "idle_time_before_kill": 600.0,
              "transition_cost": 0.0
            }
          },
          "response_time": 2.763872365003004
        }
      },
      "response_time": 2.763872365003004,
      "response_time_threshold": "inf"
    },
    "c14": {
      "s1": {
        "h1": {
          "computationallayer4": {
            "VM2": {
              "description": "No description",
              "cost": 0.9426540896376496,
              "memory": 491520.0,
              "number": 3
            }
          },
          "response_time": 1.9103118095343874
        }
      },
      "response_time": 1.9103118095343874,
      "response_time_threshold": "inf"
    },
    "c15": {
      "s1": {
        "h1": {
          "computationallayer4": {
            "VM2": {
              "description": "No description",
              "cost": 0.9426540896376496,
              "memory": 491520.0,
              "number": 3
            }
          },
          "response_time": 2.011197717694137
        }
      },
      "response_time": 2.011197717694137,
      "response_time_threshold": "inf"
    }
  },
  "global_constraints": {
    "p1": {
      "components": [
        "c4",
        "c7",
        "c9",
        "c12"
      ],
      "global_res_time": 21.15387610692435,
      "path_response_time": 8.387782448065382
    },
    "p2": {
      "components": [
        "c4",
        "c6",
        "c7",
        "c9"
      ],
      "global_res_time": 24.72965626063515,
      "path_response_time": 7.69833210429352
    },
    "p3": {
      "components": [
        "c1",
        "c2",
        "c3",
        "c6",
        "c7"
      ],
      "global_res_time": 24.971554692962023,
      "path_response_time": 7.163461293115747
    },
    "p4": {
      "components": [
        "c6",
        "c10",
        "c12",
        "c14",
        "c15"
      ],
      "global_res_time": 22.043375990441728,
      "path_response_time": 9.213043442257009
    },
    "p5": {
      "components": [
        "c2",
        "c5",
        "c7",
        "c12",
        "c14",
        "c15"
      ],
      "global_res_time": 23.98348928047589,
      "path_response_time": 12.60808369663971
    }
  },
  "total_cost": "19.213277418448083"
}