{
  "Lambda": 1.8,
  "components": {
    "c1": {
      "s1": {
        "h1": {
          "computationallayer1": {
            "Drone1": {
              "description": "No description",
              "cost": 4.833161244733976,
              "memory": 491520.0,
              "number": 1
            }
          },
          "response_time": 0.20660917195081413
        }
      },
      "response_time": 0.20660917195081413,
      "response_time_threshold": "inf"
    },
    "c2": {
      "s3": {
        "h5": {
          "computationallayer1": {
            "Drone1": {
              "description": "No description",
              "cost": 4.833161244733976,
              "memory": 491520.0,
              "number": 1
            }
          },
          "response_time": 0.09824385329147511
        },
        "h6": {
          "computationallayer1": {
            "Drone1": {
              "description": "No description",
              "cost": 4.833161244733976,
              "memory": 491520.0,
              "number": 1
            }
          },
          "response_time": 0.09322901353539792
        },
        "h7": {
          "computationallayer1": {
            "Drone1": {
              "description": "No description",
              "cost": 4.833161244733976,
              "memory": 491520.0,
              "number": 1
            }
          },
          "response_time": 0.9954980141687305
        },
        "h8": {
          "computationallayer1": {
            "Drone1": {
              "description": "No description",
              "cost": 4.833161244733976,
              "memory": 491520.0,
              "number": 1
            }
          },
          "response_time": 0.09224558191836008
        }
      },
      "response_time": 0.21615746967088037,
      "response_time_threshold": 73.90064484331064
    },
    "c3": {
      "s1": {
        "h1": {
          "computationallayer3": {
            "EN10": {
              "description": "No description",
              "cost": 7.426014587093962,
              "memory": 491520.0,
              "number": 1
            }
          },
          "response_time": 1.6159030718929202
        }
      },
      "response_time": 1.6159030718929202,
      "response_time_threshold": 75.03656481206616
    },
    "c4": {
      "s2": {
        "h2": {
          "computationallayer2": {
            "EN5": {
              "description": "No description",
              "cost": 6.21437480846316,
              "memory": 491520.0,
              "number": 1
            }
          },
          "response_time": 1.0424214004407417
        },
        "h3": {
          "computationallayer2": {
            "EN5": {
              "description": "No description",
              "cost": 6.21437480846316,
              "memory": 491520.0,
              "number": 1
            }
          },
          "response_time": 0.985168426292122
        },
        "h4": {
          "computationallayer1": {
            "Drone1": {
              "description": "No description",
              "cost": 4.833161244733976,
              "memory": 491520.0,
              "number": 1
            }
          },
          "response_time": 0.9500809295191022
        }
      },
      "response_time": 2.561394339731118,
      "response_time_threshold": "inf"
    },
    "c5": {
      "s1": {
        "h1": {
          "computationallayer2": {
            "EN5": {
              "description": "No description",
              "cost": 6.21437480846316,
              "memory": 491520.0,
              "number": 1
            }
          },
          "response_time": 3.5791915829268643
        }
      },
      "response_time": 3.5791915829268643,
      "response_time_threshold": 73.9398282924708
    },
    "c6": {
      "s1": {
        "h1": {
          "computationallayer2": {
            "EN5": {
              "description": "No description",
              "cost": 6.21437480846316,
              "memory": 491520.0,
              "number": 1
            }
          },
          "response_time": 2.3073162614208282
        }
      },
      "response_time": 2.3073162614208282,
      "response_time_threshold": 84.56984933003358
    },
    "c7": {
      "s3": {
        "h4": {
          "computationallayer3": {
            "EN10": {
              "description": "No description",
              "cost": 7.426014587093962,
              "memory": 491520.0,
              "number": 1
            }
          },
          "response_time": 0.8728435193362515
        },
        "h5": {
          "computationallayer3": {
            "EN10": {
              "description": "No description",
              "cost": 7.426014587093962,
              "memory": 491520.0,
              "number": 1
            }
          },
          "response_time": 0.9272283077638547
        },
        "h6": {
          "computationallayer3": {
            "EN10": {
              "description": "No description",
              "cost": 7.426014587093962,
              "memory": 491520.0,
              "number": 1
            }
          },
          "response_time": 0.8761717456248104
        }
      },
      "response_time": 2.4440176309819037,
      "response_time_threshold": "inf"
    },
    "c8": {
      "s1": {
        "h1": {
          "computationallayer3": {
            "EN10": {
              "description": "No description",
              "cost": 7.426014587093962,
              "memory": 491520.0,
              "number": 1
            }
          },
          "response_time": 2.056838445189298
        }
      },
      "response_time": 2.056838445189298,
      "response_time_threshold": "inf"
    },
    "c9": {
      "s1": {
        "h1": {
          "computationallayer4": {
            "VM5": {
              "description": "No description",
              "cost": 0.06618516098336635,
              "memory": 491520.0,
              "number": 1
            }
          },
          "response_time": 1.4850957824040205
        }
      },
      "response_time": 1.4850957824040205,
      "response_time_threshold": "inf"
    },
    "c10": {
      "s1": {
        "h1": {
          "computationallayer2": {
            "EN5": {
              "description": "No description",
              "cost": 6.21437480846316,
              "memory": 491520.0,
              "number": 1
            }
          },
          "response_time": 3.6426271513393123
        }
      },
      "response_time": 3.6426271513393123,
      "response_time_threshold": "inf"
    },
    "c11": {
      "s1": {
        "h1": {
          "computationallayer4": {
            "VM5": {
              "description": "No description",
              "cost": 0.06618516098336635,
              "memory": 491520.0,
              "number": 1
            }
          },
          "response_time": 1.5145297368527975
        }
      },
      "response_time": 1.5145297368527975,
      "response_time_threshold": "inf"
    },
    "c12": {
      "s1": {
        "h1": {
          "computationallayer7": {
            "F1": {
              "description": "No description",
              "cost": 0.39097426486271225,
              "memory": 491520.0,
              "idle_time_before_kill": 600.0,
              "transition_cost": 0.0
            }
          },
          "response_time": 2.579525549801084
        }
      },
      "response_time": 2.579525549801084,
      "response_time_threshold": "inf"
    },
    "c13": {
      "s3": {
        "h6": {
          "computationallayer7": {
            "F27": {
              "description": "No description",
              "cost": 0.9705477557640712,
              "memory": 491520.0,
              "idle_time_before_kill": 600.0,
              "transition_cost": 0.0
            }
          },
          "response_time": 2.386112217259858
        },
        "h7": {
          "computationallayer4": {
            "VM5": {
              "description": "No description",
              "cost": 0.06618516098336635,
              "memory": 491520.0,
              "number": 1
            }
          },
          "response_time": 0.8123141135143237
        },
        "h8": {
          "computationallayer7": {
            "F31": {
              "description": "No description",
              "cost": 0.27990715840654756,
              "memory": 491520.0,
              "idle_time_before_kill": 600.0,
              "transition_cost": 0.0
            }
          },
          "response_time": 2.5735992380254604
        }
      },
      "response_time": 3.4492327698091807,
      "response_time_threshold": "inf"
    },
    "c14": {
      "s1": {
        "h1": {
          "computationallayer7": {
            "F34": {
              "description": "No description",
              "cost": 0.2080416204287463,
              "memory": 491520.0,
              "idle_time_before_kill": 600.0,
              "transition_cost": 0.0
            }
          },
          "response_time": 2.1892968748247243
        }
      },
      "response_time": 2.1892968748247243,
      "response_time_threshold": "inf"
    },
    "c15": {
      "s1": {
        "h1": {
          "computationallayer4": {
            "VM5": {
              "description": "No description",
              "cost": 0.06618516098336635,
              "memory": 491520.0,
              "number": 1
            }
          },
          "response_time": 0.9625708720640204
        }
      },
      "response_time": 0.9625708720640204,
      "response_time_threshold": 70.02705448569363
    }
  },
  "global_constraints": {
    "p1": {
      "components": [
        "c9",
        "c11",
        "c12"
      ],
      "global_res_time": 201.96619743855769,
      "path_response_time": 5.587151069057902
    },
    "p2": {
      "components": [
        "c8",
        "c11",
        "c13",
        "c14"
      ],
      "global_res_time": 224.01100204091577,
      "path_response_time": 9.226564493342666
    },
    "p3": {
      "components": [
        "c1",
        "c3",
        "c4",
        "c6",
        "c7",
        "c12"
      ],
      "global_res_time": 203.14255621829466,
      "path_response_time": 11.745266025778669
    },
    "p4": {
      "components": [
        "c1",
        "c2",
        "c5",
        "c7"
      ],
      "global_res_time": 228.76825953402783,
      "path_response_time": 6.455975855530462
    },
    "p5": {
      "components": [
        "c7",
        "c10"
      ],
      "global_res_time": 216.56601115066735,
      "path_response_time": 6.0946447823212155
    }
  },
  "total_cost": "21.41324283362995"
}