{
    "DirectedAcyclicGraph": {
        "c2": {
            "next": [
                "c3"
            ],
            "transition_probability": [
                0.32027299179669794
            ]
        },
        "c3": {
            "next": [
                
                "c4"
            ],
            "transition_probability": [
               
                0.4254309597789129
            ]
        },
        "c5": {
            "next": [
                "c6"
            ],
            "transition_probability": [
                1.0
            ]
        },
        "c6": {
            "next": [
                "c7"
            ],
            "transition_probability": [
                1.0
            ]
        },
        "c4": {
            "next": [
                "c5"
            ],
            "transition_probability": [
                1.0
            ]
        },
        "c1": {
            "next": [
                "c2"
            ],
            "transition_probability": [
                1.0
            ]
        },
        "c7": {
            "next": [],
            "transition_probability": []
        }
    },
    "Components": {
        "c1": {
            "s1": {
                "h1": {
                    "next": [
                        "c2"
                    ],
                    "data_size": [
                        5
                    ],
                    "early_exit_probability": 0
                }
            }
        },
        "c2": {
            "s1": {
                "h1": {
                    "next": [
                        "c3"
                    ],
                    "data_size": [
                        5
                    ],
                    "early_exit_probability": 0
                }
            },
            "s2": {
                "h2": {
                    "next": [
                        "h3"
                    ],
                    "early_exit_probability": 0.31342417815924284,
                    "data_size": [
                        6
                    ]
                },
                "h3": {
                    "next": [
                        "h4"
                    ],
                    "early_exit_probability": 0.518152548941889,
                    "data_size": [
                        4
                    ]
                },
                "h4": {
                    "next": [
                        "c3"
                    ],
                    "early_exit_probability": 0,
                    "data_size": [
                        5
                    ]
                }
            }
        },
        "c3": {
            "s1": {
                "h1": {
                    "next": [
                        "c4"
                    ],
                    "data_size": [
                        6
                    ],
                    "early_exit_probability": 0
                }
            },
            "s2": {
                "h2": {
                    "next": [
                        "h3"
                    ],
                    "early_exit_probability": 0.411787878969053,
                    "data_size": [
                        7
                    ]
                },
                "h3": {
                    "next": [
                        "h4"
                    ],
                    "early_exit_probability": 0.6918771139504734,
                    "data_size": [
                        5
                    ]
                },
                "h4": {
                    "next": [
                        "h5"
                    ],
                    "early_exit_probability": 0.14212013547495694,
                    "data_size": [
                        6
                    ]
                },
                "h5": {
                    "next": [
                        "c4"
                    ],
                    "early_exit_probability": 0,
                    "data_size": [
                        6
                    ]
                }
            },
            "s3": {
                "h6": {
                    "next": [
                        "h7"
                    ],
                    "early_exit_probability": 0.8346256718973729,
                    "data_size": [
                        5
                    ]
                },
                "h7": {
                    "next": [
                        "h8"
                    ],
                    "early_exit_probability": 0.03417131118583905,
                    "data_size": [
                        6
                    ]
                },
                "h8": {
                    "next": [
                        "c4"
                    ],
                    "early_exit_probability": 0,
                    "data_size": [
                         6
                    ]
                }
            }
        },
        "c4": {
            "s1": {
                "h1": {
                    "next": [
                        "c5"
                    ],
                    "data_size": [
                        4
                    ],
                    "early_exit_probability": 0
                }
            }
        },
        "c5": {
            "s1": {
                "h1": {
                    "next": [
                        "c6"
                    ],
                    "data_size": [
                        7
                    ],
                    "early_exit_probability": 0
                }
            },
            "s2": {
                "h2": {
                    "next": [
                        "h3"
                    ],
                    "early_exit_probability": 0.44789352617590517,
                    "data_size": [
                        5
                    ]
                },
                "h3": {
                    "next": [
                        "h4"
                    ],
                    "early_exit_probability": 0.09617226044546168,
                    "data_size": [
                        6
                    ]
                },
                "h4": {
                    "next": [
                        "h5"
                    ],
                    "early_exit_probability": 0.28777533858634874,
                    "data_size": [
                        4
                    ]
                },
                "h5": {
                    "next": [
                        "c6"
                    ],
                    "early_exit_probability": 0,
                    "data_size": [
                        7
                    ]
                }
            },
            "s3": {
                "h6": {
                    "next": [
                        "h7"
                    ],
                    "early_exit_probability": 0.5247993768704455,
                    "data_size": [
                        5
                    ]
                },
                "h7": {
                    "next": [
                        "h8"
                    ],
                    "early_exit_probability": 0.678835532939891,
                    "data_size": [
                        4
                    ]
                },
                "h8": {
                    "next": [
                        "c6"
                    ],
                    "early_exit_probability": 0,
                    "data_size": [
                        7
                    ]
                }
            }
        },
        "c6": {
            "s1": {
                "h1": {
                    "next": [
                        "c7"
                    ],
                    "data_size": [
                        6
                    ],
                    "early_exit_probability": 0
                }
            }
        },
        "c7": {
            "s1": {
                "h1": {
                    "next": [],
                    "data_size": [
                        7
                    ],
                    "early_exit_probability": 0
                }
            },
            "s2": {
                "h2": {
                    "next": [
                        "h3"
                    ],
                    "early_exit_probability": 0.2609789796155568,
                    "data_size": [
                        4
                    ]
                },
                "h3": {
                    "next": [],
                    "early_exit_probability": 0,
                    "data_size": [
                        4
                    ]
                }
            }
        }
    },
    "EdgeResources": {
        "computationallayer1": {
            "Drone1": {
                "number": 1,
                "cost": 1.533448490605175,
                "memory": 229376,
                "n_cores": 1
            }
        },
        "computationallayer2": {
            "EN1": {
                "number": 4,
                "cost": 0.599876277065279,
                "memory": 229376,
                "n_cores": 1
            }
        }
    },
    "CloudResources": {
        "computationallayer3": {
            "VM1": {
                "number": 4,
                "cost": 0.41417926952690265,
                "memory": 229376,
                "n_cores": 1
            },
            "VM2": {
                "number": 3,
                "cost": 1.5309702088817418,
                "memory": 229376,
                "n_cores": 1
            },
            "VM3": {
                "number": 3,
                "cost": 1.9913839356593663,
                "memory": 229376,
                "n_cores": 1
            },
            "VM4": {
                "number": 3,
                "cost": 3.1696143431840764,
                "memory": 229376,
                "n_cores": 1
            }
        }
    },
    "FaaSResources": {
        "computationallayer4": {
            "F1": {
                "cost": 0.5384246942799851,
                "memory": 229376,
                "idle_time_before_kill": 600
            },
            "F2": {
                "cost": 0.6522988820635421,
                "memory": 229376,
                "idle_time_before_kill": 600
            },
            "F3": {
                "cost": 0.361261020211621,
                "memory": 229376,
                "idle_time_before_kill": 600
            },
            "F4": {
                "cost": 0.5710085611850925,
                "memory": 229376,
                "idle_time_before_kill": 600
            },
            "F5": {
                "cost": 0.6378364840596764,
                "memory": 229376,
                "idle_time_before_kill": 600
            },
            "F6": {
                "cost": 0.1263148850448883,
                "memory": 229376,
                "idle_time_before_kill": 600
            },
            "F7": {
                "cost": 0.6902045877551451,
                "memory": 229376,
                "idle_time_before_kill": 600
            },
            "F8": {
                "cost": 0.6477493997733476,
                "memory": 229376,
                "idle_time_before_kill": 600
            },
            "F9": {
                "cost": 0.35393908879830194,
                "memory": 229376,
                "idle_time_before_kill": 600
            },
            "F10": {
                "cost": 0.7632330527151219,
                "memory": 229376,
                "idle_time_before_kill": 600
            },
            "F11": {
                "cost": 0.35653172355805496,
                "memory": 229376,
                "idle_time_before_kill": 600
            },
            "F12": {
                "cost": 0.7527883531756042,
                "memory": 229376,
                "idle_time_before_kill": 600
            },
            "F13": {
                "cost": 0.8813418296340111,
                "memory": 229376,
                "idle_time_before_kill": 600
            },
            "F14": {
                "cost": 0.011669193680893586,
                "memory": 229376,
                "idle_time_before_kill": 600
            },
            "F15": {
                "cost": 0.49810906962823653,
                "memory": 229376,
                "idle_time_before_kill": 600
            },
            "F16": {
                "cost": 0.07379201140065461,
                "memory": 229376,
                "idle_time_before_kill": 600
            },
            "F17": {
                "cost": 0.786951474469075,
                "memory": 229376,
                "idle_time_before_kill": 600
            },
            "F18": {
                "cost": 0.06406732983821728,
                "memory": 229376,
                "idle_time_before_kill": 600
            },
            "F19": {
                "cost": 0.3553103624164283,
                "memory": 229376,
                "idle_time_before_kill": 600
            },
            "F20": {
                "cost": 0.9418369487534225,
                "memory": 229376,
                "idle_time_before_kill": 600
            },
            "F21": {
                "cost": 0.379803286768697,
                "memory": 229376,
                "idle_time_before_kill": 600
            },
            "transition_cost": 0
        }
    },
    "CompatibilityMatrix": {
        "c2": {
            "h1": [
                {
                    "resource": "Drone1",
                    "memory": 512
                },
                {
                    "resource": "EN1",
                    "memory": 1024
                }
            ],
            "h2": [
                {
                    "resource": "Drone1",
                    "memory": 256
                },
                {
                    "resource": "EN1",
                    "memory": 1024
                }
            ],
            "h3": [
                {
                    "resource": "Drone1",
                    "memory": 512
                },
                {
                    "resource": "EN1",
                    "memory": 1024
                }
            ],
            "h4": [
                {
                    "resource": "Drone1",
                    "memory": 256
                },
                {
                    "resource": "EN1",
                    "memory": 1024
                }
            ]
        },
        "c1": {
            "h1": [
                {
                    "resource": "Drone1",
                    "memory": 256
                }
            ]
        },
        "c3": {
            "h1": [
                {
                    "resource": "EN1",
                    "memory": 512
                },
                {
                    "resource": "VM1",
                    "memory": 8192
                },
                {
                    "resource": "VM2",
                    "memory": 4096
                },
                {
                    "resource": "VM3",
                    "memory": 2048
                },
                {
                    "resource": "VM4",
                    "memory": 2048
                },
                {
                    "resource": "F1",
                    "memory": 4096
                }
            ],
            "h2": [
                {
                    "resource": "EN1",
                    "memory": 512
                },
                {
                    "resource": "VM1",
                    "memory": 4096
                },
                {
                    "resource": "VM2",
                    "memory": 2048
                },
                {
                    "resource": "VM3",
                    "memory": 4096
                },
                {
                    "resource": "VM4",
                    "memory": 2048
                },
                {
                    "resource": "F2",
                    "memory": 4096
                }
            ],
            "h3": [
                {
                    "resource": "EN1",
                    "memory": 1024
                },
                {
                    "resource": "VM1",
                    "memory": 4096
                },
                {
                    "resource": "VM2",
                    "memory": 4096
                },
                {
                    "resource": "VM3",
                    "memory": 8192
                },
                {
                    "resource": "VM4",
                    "memory": 2048
                },
                {
                    "resource": "F3",
                    "memory": 4096
                }
            ],
            "h4": [
                {
                    "resource": "EN1",
                    "memory": 512
                },
                {
                    "resource": "VM1",
                    "memory": 2048
                },
                {
                    "resource": "VM2",
                    "memory": 4096
                },
                {
                    "resource": "VM3",
                    "memory": 8192
                },
                {
                    "resource": "VM4",
                    "memory": 2048
                },
                {
                    "resource": "F4",
                    "memory": 1024
                }
            ],
            "h5": [
                {
                    "resource": "EN1",
                    "memory": 2048
                },
                {
                    "resource": "VM1",
                    "memory": 8192
                },
                {
                    "resource": "VM2",
                    "memory": 4096
                },
                {
                    "resource": "VM3",
                    "memory": 4096
                },
                {
                    "resource": "VM4",
                    "memory": 2048
                },
                {
                    "resource": "F5",
                    "memory": 1024
                }
            ],
            "h6": [
                {
                    "resource": "EN1",
                    "memory": 2048
                },
                {
                    "resource": "VM1",
                    "memory": 4096
                },
                {
                    "resource": "VM2",
                    "memory": 8192
                },
                {
                    "resource": "VM3",
                    "memory": 2048
                },
                {
                    "resource": "VM4",
                    "memory": 2048
                },
                {
                    "resource": "F6",
                    "memory": 4096
                }
            ],
            "h7": [
                {
                    "resource": "EN1",
                    "memory": 2048
                },
                {
                    "resource": "VM1",
                    "memory": 2048
                },
                {
                    "resource": "VM2",
                    "memory": 2048
                },
                {
                    "resource": "VM3",
                    "memory": 2048
                },
                {
                    "resource": "VM4",
                    "memory": 2048
                },
                {
                    "resource": "F7",
                    "memory": 1024
                }
            ],
            "h8": [
                {
                    "resource": "EN1",
                    "memory": 512
                },
                {
                    "resource": "VM1",
                    "memory": 8192
                },
                {
                    "resource": "VM2",
                    "memory": 2048
                },
                {
                    "resource": "VM3",
                    "memory": 4096
                },
                {
                    "resource": "VM4",
                    "memory": 2048
                },
                {
                    "resource": "F8",
                    "memory": 1024
                }
            ]
        },
        "c4": {
            "h1": [
                {
                    "resource": "EN1",
                    "memory": 512
                },
                {
                    "resource": "VM1",
                    "memory": 8192
                },
                {
                    "resource": "VM2",
                    "memory": 8192
                },
                {
                    "resource": "VM3",
                    "memory": 8192
                },
                {
                    "resource": "VM4",
                    "memory": 2048
                },
                {
                    "resource": "F9",
                    "memory": 2048
                }
            ]
        },
        "c5": {
            "h1": [
                {
                    "resource": "VM1",
                    "memory": 8192
                },
                {
                    "resource": "VM2",
                    "memory": 2048
                },
                {
                    "resource": "VM3",
                    "memory": 4096
                },
                {
                    "resource": "VM4",
                    "memory": 4096
                },
                {
                    "resource": "F10",
                    "memory": 4096
                }
            ],
            "h2": [
                {
                    "resource": "VM1",
                    "memory": 2048
                },
                {
                    "resource": "VM2",
                    "memory": 4096
                },
                {
                    "resource": "VM3",
                    "memory": 8192
                },
                {
                    "resource": "VM4",
                    "memory": 2048
                },
                {
                    "resource": "F11",
                    "memory": 1024
                }
            ],
            "h3": [
                {
                    "resource": "VM1",
                    "memory": 4096
                },
                {
                    "resource": "VM2",
                    "memory": 8192
                },
                {
                    "resource": "VM3",
                    "memory": 8192
                },
                {
                    "resource": "VM4",
                    "memory": 2048
                },
                {
                    "resource": "F12",
                    "memory": 2048
                }
            ],
            "h4": [
                {
                    "resource": "VM1",
                    "memory": 2048
                },
                {
                    "resource": "VM2",
                    "memory": 2048
                },
                {
                    "resource": "VM3",
                    "memory": 8192
                },
                {
                    "resource": "VM4",
                    "memory": 4096
                },
                {
                    "resource": "F13",
                    "memory": 2048
                }
            ],
            "h5": [
                {
                    "resource": "VM1",
                    "memory": 2048
                },
                {
                    "resource": "VM2",
                    "memory": 4096
                },
                {
                    "resource": "VM3",
                    "memory": 4096
                },
                {
                    "resource": "VM4",
                    "memory": 8192
                },
                {
                    "resource": "F14",
                    "memory": 2048
                }
            ],
            "h6": [
                {
                    "resource": "VM1",
                    "memory": 4096
                },
                {
                    "resource": "VM2",
                    "memory": 4096
                },
                {
                    "resource": "VM3",
                    "memory": 4096
                },
                {
                    "resource": "VM4",
                    "memory": 4096
                },
                {
                    "resource": "F15",
                    "memory": 1024
                }
            ],
            "h7": [
                {
                    "resource": "VM1",
                    "memory": 2048
                },
                {
                    "resource": "VM2",
                    "memory": 8192
                },
                {
                    "resource": "VM3",
                    "memory": 8192
                },
                {
                    "resource": "VM4",
                    "memory": 2048
                },
                {
                    "resource": "F16",
                    "memory": 4096
                }
            ],
            "h8": [
                {
                    "resource": "VM1",
                    "memory": 2048
                },
                {
                    "resource": "VM2",
                    "memory": 2048
                },
                {
                    "resource": "VM3",
                    "memory": 2048
                },
                {
                    "resource": "VM4",
                    "memory": 8192
                },
                {
                    "resource": "F17",
                    "memory": 2048
                }
            ]
        },
        "c6": {
            "h1": [
                {
                    "resource": "VM1",
                    "memory": 4096
                },
                {
                    "resource": "VM2",
                    "memory": 8192
                },
                {
                    "resource": "VM3",
                    "memory": 8192
                },
                {
                    "resource": "VM4",
                    "memory": 4096
                },
                {
                    "resource": "F18",
                    "memory": 2048
                }
            ]
        },
        "c7": {
            "h1": [
                {
                    "resource": "VM1",
                    "memory": 8192
                },
                {
                    "resource": "VM2",
                    "memory": 2048
                },
                {
                    "resource": "VM3",
                    "memory": 4096
                },
                {
                    "resource": "VM4",
                    "memory": 2048
                },
                {
                    "resource": "F19",
                    "memory": 4096
                }
            ],
            "h2": [
                {
                    "resource": "VM1",
                    "memory": 2048
                },
                {
                    "resource": "VM2",
                    "memory": 8192
                },
                {
                    "resource": "VM3",
                    "memory": 2048
                },
                {
                    "resource": "VM4",
                    "memory": 4096
                },
                {
                    "resource": "F20",
                    "memory": 2048
                }
            ],
            "h3": [
                {
                    "resource": "VM1",
                    "memory": 8192
                },
                {
                    "resource": "VM2",
                    "memory": 4096
                },
                {
                    "resource": "VM3",
                    "memory": 4096
                },
                {
                    "resource": "VM4",
                    "memory": 8192
                },
                {
                    "resource": "F21",
                    "memory": 4096
                }
            ]
        }
    },
    "Performance": {
        "c2": {
            "h1": {
                "Drone1": {
                    "model": "QTedge",
                    "demand": 1.7629200734449886
                },
                "EN1": {
                    "model": "QTedge",
                    "demand": 0.1252082736836873822
                }
            },
            "h2": {
                "Drone1": {
                    "model": "QTedge",
                    "demand": 0.5735441059678925
                },
                "EN1": {
                    "model": "QTedge",
                    "demand": 0.05082736836873822
                }
            },
            "h3": {
                "Drone1": {
                    "model": "QTedge",
                    "demand": 0.524491459222525
                },
                "EN1": {
                    "model": "QTedge",
                    "demand": 0.05582736836873822
                }
            },
            "h4": {
                "Drone1": {
                    "model": "QTedge",
                    "demand": 0.69437592627387
                },
                "EN1": {
                    "model": "QTedge",
                    "demand": 0.065082736836873822
                }
            }
        },
        "c1": {
            "h1": {
                "Drone1": {
                    "model": "QTedge",
                    "demand": 0.1007996961043
                }
            }
        },
        "c3": {
            "h1": {
                "EN1": {
                    "model": "QTedge",
                    "demand": 1.4329025624756953
                },
                "VM1": {
                    "model": "QTedge",
                    "demand": 1.4329025624756953
                },
                "VM2": {
                    "model": "QTedge",
                    "demand": 0.4617315392806205
                },
                "VM3": {
                    "model": "QTedge",
                    "demand": 0.3346107728747339
                },
                "VM4": {
                    "model": "QTedge",
                    "demand": 0.19253603819401607
                },
                "F1": {
                    "model": "PACSLTK",
                    "demandWarm": 2.465001481563506,
                    "demandCold": 4.412550422958606
                }
            },
            "h2": {
                "EN1": {
                    "model": "QTedge",
                    "demand": 0.36575173329600263
                },
                "VM1": {
                    "model": "QTedge",
                    "demand": 0.36575173329600263
                },
                "VM2": {
                    "model": "QTedge",
                    "demand": 0.09580540476551486
                },
                "VM3": {
                    "model": "QTedge",
                    "demand": 0.10949024425571689
                },
                "VM4": {
                    "model": "QTedge",
                    "demand": 0.054891287362878884
                },
                "F2": {
                    "model": "PACSLTK",
                    "demandWarm": 2.5057262202134134,
                    "demandCold": 4.200133072946564
                }
            },
            "h3": {
                "EN1": {
                    "model": "QTedge",
                    "demand": 0.3636350062959059
                },
                "VM1": {
                    "model": "QTedge",
                    "demand": 0.3636350062959059
                },
                "VM2": {
                    "model": "QTedge",
                    "demand": 0.09561263788869176
                },
                "VM3": {
                    "model": "QTedge",
                    "demand": 0.10901672358590569
                },
                "VM4": {
                    "model": "QTedge",
                    "demand": 0.05326766518413831
                },
                "F3": {
                    "model": "PACSLTK",
                    "demandWarm": 2.1090187640190683,
                    "demandCold": 3.7428055246309864
                }
            },
            "h4": {
                "EN1": {
                    "model": "QTedge",
                    "demand": 0.3643390423217902
                },
                "VM1": {
                    "model": "QTedge",
                    "demand": 0.3643390423217902
                },
                "VM2": {
                    "model": "QTedge",
                    "demand": 0.09558293907781985
                },
                "VM3": {
                    "model": "QTedge",
                    "demand": 0.09087555988589113
                },
                "VM4": {
                    "model": "QTedge",
                    "demand": 0.054030050274817824
                },
                "F4": {
                    "model": "PACSLTK",
                    "demandWarm": 2.3878277890145814,
                    "demandCold": 3.846350971333771
                }
            },
            "h5": {
                "EN1": {
                    "model": "QTedge",
                    "demand": 0.3647520068352618
                },
                "VM1": {
                    "model": "QTedge",
                    "demand": 0.3647520068352618
                },
                "VM2": {
                    "model": "QTedge",
                    "demand": 0.0960798356628635
                },
                "VM3": {
                    "model": "QTedge",
                    "demand": 0.10140202432796658
                },
                "VM4": {
                    "model": "QTedge",
                    "demand": 0.0545204670870697
                },
                "F5": {
                    "model": "PACSLTK",
                    "demandWarm": 2.34245411984352,
                    "demandCold": 4.188305602871198
                }
            },
            "h6": {
                "EN1": {
                    "model": "QTedge",
                    "demand": 0.48455257013453823
                },
                "VM1": {
                    "model": "QTedge",
                    "demand": 0.48455257013453823
                },
                "VM2": {
                    "model": "QTedge",
                    "demand": 0.12715119068757805
                },
                "VM3": {
                    "model": "QTedge",
                    "demand": 0.119311348202776
                },
                "VM4": {
                    "model": "QTedge",
                    "demand": 0.06996856970946669
                },
                "F6": {
                    "model": "PACSLTK",
                    "demandWarm": 2.8177683936358235,
                    "demandCold": 4.474084253985479
                }
            },
            "h7": {
                "EN1": {
                    "model": "QTedge",
                    "demand": 0.4853810065411972
                },
                "VM1": {
                    "model": "QTedge",
                    "demand": 0.4853810065411972
                },
                "VM2": {
                    "model": "QTedge",
                    "demand": 0.12750187838704585
                },
                "VM3": {
                    "model": "QTedge",
                    "demand": 0.11770694743400169
                },
                "VM4": {
                    "model": "QTedge",
                    "demand": 0.07063665139929608
                },
                "F7": {
                    "model": "PACSLTK",
                    "demandWarm": 2.143423048670245,
                    "demandCold": 3.221809948525193
                }
            },
            "h8": {
                "EN1": {
                    "model": "QTedge",
                    "demand": 0.48363674315313754
                },
                "VM1": {
                    "model": "QTedge",
                    "demand": 0.48363674315313754
                },
                "VM2": {
                    "model": "QTedge",
                    "demand": 0.12699343002282928
                },
                "VM3": {
                    "model": "QTedge",
                    "demand": 0.11685309804618205
                },
                "VM4": {
                    "model": "QTedge",
                    "demand": 0.07068790711636601
                },
                "F8": {
                    "model": "PACSLTK",
                    "demandWarm": 2.6800191407406704,
                    "demandCold": 4.263978932241416
                }
            }
        },
        "c4": {
            "h1": {
                "EN1": {
                    "model": "QTedge",
                    "demand": 1.3238176522712706
                },
                "VM1": {
                    "model": "QTedge",
                    "demand": 1.3238176522712706
                },
                "VM2": {
                    "model": "QTedge",
                    "demand": 0.329710412378329
                },
                "VM3": {
                    "model": "QTedge",
                    "demand": 0.3480721865461637
                },
                "VM4": {
                    "model": "QTedge",
                    "demand": 0.18487851088391083
                },
                "F9": {
                    "model": "PACSLTK",
                    "demandWarm": 2.1133419227675905,
                    "demandCold": 3.1411252716162603
                }
            }
        },
        "c5": {
            "h1": {
                "VM1": {
                    "model": "QTedge",
                    "demand": 1.6383672279883479
                },
                "VM2": {
                    "model": "QTedge",
                    "demand": 0.4020793085885946
                },
                "VM3": {
                    "model": "QTedge",
                    "demand": 0.26956230323699615
                },
                "VM4": {
                    "model": "QTedge",
                    "demand": 0.20746557011870237
                },
                "F10": {
                    "model": "PACSLTK",
                    "demandWarm": 2.986942815742273,
                    "demandCold": 4.374078245027281
                }
            },
            "h2": {
                "VM1": {
                    "model": "QTedge",
                    "demand": 0.41635230701905523
                },
                "VM2": {
                    "model": "QTedge",
                    "demand": 0.10776989243825663
                },
                "VM3": {
                    "model": "QTedge",
                    "demand": 0.07496551731853617
                },
                "VM4": {
                    "model": "QTedge",
                    "demand": 0.05913163909507863
                },
                "F11": {
                    "model": "PACSLTK",
                    "demandWarm": 2.4524048267464513,
                    "demandCold": 3.9024915737472123
                }
            },
            "h3": {
                "VM1": {
                    "model": "QTedge",
                    "demand": 0.41498239115945457
                },
                "VM2": {
                    "model": "QTedge",
                    "demand": 0.10720420401494023
                },
                "VM3": {
                    "model": "QTedge",
                    "demand": 0.07289406821616422
                },
                "VM4": {
                    "model": "QTedge",
                    "demand": 0.0581296168112951
                },
                "F12": {
                    "model": "PACSLTK",
                    "demandWarm": 2.670932013347774,
                    "demandCold": 3.7571885606435482
                }
            },
            "h4": {
                "VM1": {
                    "model": "QTedge",
                    "demand": 0.4171714577225596
                },
                "VM2": {
                    "model": "QTedge",
                    "demand": 0.10607517006516813
                },
                "VM3": {
                    "model": "QTedge",
                    "demand": 0.07264121484703269
                },
                "VM4": {
                    "model": "QTedge",
                    "demand": 0.05699920942966838
                },
                "F13": {
                    "model": "PACSLTK",
                    "demandWarm": 2.402392519857736,
                    "demandCold": 4.307078680201359
                }
            },
            "h5": {
                "VM1": {
                    "model": "QTedge",
                    "demand": 0.4170273830902486
                },
                "VM2": {
                    "model": "QTedge",
                    "demand": 0.10814471208201634
                },
                "VM3": {
                    "model": "QTedge",
                    "demand": 0.07445581556640687
                },
                "VM4": {
                    "model": "QTedge",
                    "demand": 0.05857487576791172
                },
                "F14": {
                    "model": "PACSLTK",
                    "demandWarm": 2.6536897553047116,
                    "demandCold": 3.6911176957153957
                }
            },
            "h6": {
                "VM1": {
                    "model": "QTedge",
                    "demand": 0.5518937642107958
                },
                "VM2": {
                    "model": "QTedge",
                    "demand": 0.1393591100984303
                },
                "VM3": {
                    "model": "QTedge",
                    "demand": 0.09543298927505606
                },
                "VM4": {
                    "model": "QTedge",
                    "demand": 0.07565394255160411
                },
                "F15": {
                    "model": "PACSLTK",
                    "demandWarm": 2.6185135669120854,
                    "demandCold": 3.628877828247317
                }
            },
            "h7": {
                "VM1": {
                    "model": "QTedge",
                    "demand": 0.5525538322905985
                },
                "VM2": {
                    "model": "QTedge",
                    "demand": 0.1394844511284777
                },
                "VM3": {
                    "model": "QTedge",
                    "demand": 0.09671951977421997
                },
                "VM4": {
                    "model": "QTedge",
                    "demand": 0.07578722039600927
                },
                "F16": {
                    "model": "PACSLTK",
                    "demandWarm": 2.1062112823353556,
                    "demandCold": 3.386896080927638
                }
            },
            "h8": {
                "VM1": {
                    "model": "QTedge",
                    "demand": 0.5537222341519488
                },
                "VM2": {
                    "model": "QTedge",
                    "demand": 0.1418758541702591
                },
                "VM3": {
                    "model": "QTedge",
                    "demand": 0.09733332207188675
                },
                "VM4": {
                    "model": "QTedge",
                    "demand": 0.07671753637107706
                },
                "F17": {
                    "model": "PACSLTK",
                    "demandWarm": 2.905402033702778,
                    "demandCold": 4.701368975645048
                }
            }
        },
        "c6": {
            "h1": {
                "VM1": {
                    "model": "QTedge",
                    "demand": 1.593327095054768
                },
                "VM2": {
                    "model": "QTedge",
                    "demand": 0.33110653690942127
                },
                "VM3": {
                    "model": "QTedge",
                    "demand": 0.3284387983648339
                },
                "VM4": {
                    "model": "QTedge",
                    "demand": 0.20391935742523506
                },
                "F18": {
                    "model": "PACSLTK",
                    "demandWarm": 2.145558231158397,
                    "demandCold": 3.3032883010289305
                }
            }
        },
        "c7": {
            "h1": {
                "VM1": {
                    "model": "QTedge",
                    "demand": 1.468716376056968
                },
                "VM2": {
                    "model": "QTedge",
                    "demand": 0.4539265820715241
                },
                "VM3": {
                    "model": "QTedge",
                    "demand": 0.31501754572137164
                },
                "VM4": {
                    "model": "QTedge",
                    "demand": 0.22046297412325716
                },
                "F19": {
                    "model": "PACSLTK",
                    "demandWarm": 2.8378038676269046,
                    "demandCold": 4.533809263470064
                }
            },
            "h2": {
                "VM1": {
                    "model": "QTedge",
                    "demand": 0.7401857257122033
                },
                "VM2": {
                    "model": "QTedge",
                    "demand": 0.2326394624561762
                },
                "VM3": {
                    "model": "QTedge",
                    "demand": 0.16444903459906451
                },
                "VM4": {
                    "model": "QTedge",
                    "demand": 0.1179948878053137
                },
                "F20": {
                    "model": "PACSLTK",
                    "demandWarm": 2.9899551783590734,
                    "demandCold": 4.7010776371248895
                }
            },
            "h3": {
                "VM1": {
                    "model": "QTedge",
                    "demand": 0.7405012364006706
                },
                "VM2": {
                    "model": "QTedge",
                    "demand": 0.23421286596794047
                },
                "VM3": {
                    "model": "QTedge",
                    "demand": 0.1640421972955772
                },
                "VM4": {
                    "model": "QTedge",
                    "demand": 0.11685434247651515
                },
                "F21": {
                    "model": "PACSLTK",
                    "demandWarm": 2.9092932045442543,
                    "demandCold": 4.310166936915375
                }
            }
        }
    },
    "Lambda": 0.1,
    "LocalConstraints": {
        "c6": {
            "local_res_time": 1.469098809051298
        },
        "c5": {
            "local_res_time": 1.437831764098487
        },
        "c2": {
            "local_res_time": 1.792892448180702
        },
        "c1": {
            "local_res_time": 1.93176175538263
        },
        "c4": {
            "local_res_time": 1.799916106454906
        }
    },
    "GlobalConstraints": {
        "p1": {
            "components": [
                "c1",
                "c2"
            ],
            "global_res_time": 2.572335055929248
        },
        "p2": {
            "components": [
                "c3",
                "c4",
                "c5"
            ],
            "global_res_time": 3.224182960103924
        },
        "p3": {
            "components": [
                "c4",
                "c5",
                "c6"
            ],
            "global_res_time": 3.212431722542235
        }
    },
    "NetworkTechnology": {
        "ND1": {
            "computationallayers": [
                "computationallayer1",
                "computationallayer2"
            ],
            "AccessDelay": 0.001,
            "Bandwidth": 2000
        },
        "ND2": {
            "computationallayers": [
                "computationallayer3",
                "computationallayer4"
            ],
            "AccessDelay": 0.001,
            "Bandwidth": 1500
        },
        "ND3": {
            "computationallayers": [
                "computationallayer1",
                "computationallayer2",
                "computationallayer3",
                "computationallayer4"
            ],
            "AccessDelay": 0.001,
            "Bandwidth": 1000
        }
    },
    "Time": 1
}