{
  "Lambda": 1.8,
  "components": {
    "c1": {
      "s1": {
        "h1": {
          "computationallayer1": {
            "Drone1": {
              "description": "No description",
              "cost": 4.844734445392222,
              "memory": 491520.0,
              "number": 1
            }
          },
          "response_time": 0.2273654771247276
        }
      },
      "response_time": 0.2273654771247276,
      "response_time_threshold": 73.26985101788932
    },
    "c2": {
      "s1": {
        "h1": {
          "computationallayer1": {
            "Drone1": {
              "description": "No description",
              "cost": 4.844734445392222,
              "memory": 491520.0,
              "number": 1
            }
          },
          "response_time": 0.28088587930958214
        }
      },
      "response_time": 0.28088587930958214,
      "response_time_threshold": 93.10396562799423
    },
    "c3": {
      "s1": {
        "h1": {
          "computationallayer3": {
            "EN8": {
              "description": "No description",
              "cost": 6.031066551101672,
              "memory": 491520.0,
              "number": 1
            }
          },
          "response_time": 19.248184954772928
        }
      },
      "response_time": 19.248184954772928,
      "response_time_threshold": 89.37812722330898
    },
    "c4": {
      "s1": {
        "h1": {
          "computationallayer3": {
            "EN8": {
              "description": "No description",
              "cost": 6.031066551101672,
              "memory": 491520.0,
              "number": 1
            }
          },
          "response_time": 16.29007930847123
        }
      },
      "response_time": 16.29007930847123,
      "response_time_threshold": "inf"
    },
    "c5": {
      "s1": {
        "h1": {
          "computationallayer3": {
            "EN8": {
              "description": "No description",
              "cost": 6.031066551101672,
              "memory": 491520.0,
              "number": 1
            }
          },
          "response_time": 24.853134079316824
        }
      },
      "response_time": 24.853134079316824,
      "response_time_threshold": "inf"
    },
    "c6": {
      "s3": {
        "h6": {
          "computationallayer3": {
            "EN8": {
              "description": "No description",
              "cost": 6.031066551101672,
              "memory": 491520.0,
              "number": 1
            }
          },
          "response_time": 10.79810473033717
        },
        "h7": {
          "computationallayer3": {
            "EN8": {
              "description": "No description",
              "cost": 6.031066551101672,
              "memory": 491520.0,
              "number": 1
            }
          },
          "response_time": 10.22100563682866
        }
      },
      "response_time": 20.613505068862942,
      "response_time_threshold": "inf"
    },
    "c7": {
      "s1": {
        "h1": {
          "computationallayer3": {
            "EN8": {
              "description": "No description",
              "cost": 6.031066551101672,
              "memory": 491520.0,
              "number": 1
            }
          },
          "response_time": 16.088853402606453
        }
      },
      "response_time": 16.088853402606453,
      "response_time_threshold": "inf"
    },
    "c8": {
      "s1": {
        "h1": {
          "computationallayer3": {
            "EN8": {
              "description": "No description",
              "cost": 6.031066551101672,
              "memory": 491520.0,
              "number": 1
            }
          },
          "response_time": 14.945443577756517
        }
      },
      "response_time": 14.945443577756517,
      "response_time_threshold": 88.66937586074853
    },
    "c9": {
      "s2": {
        "h2": {
          "computationallayer5": {
            "VM8": {
              "description": "No description",
              "cost": 0.003216199130859465,
              "memory": 491520.0,
              "number": 1
            }
          },
          "response_time": 0.34870679561786994
        },
        "h3": {
          "computationallayer4": {
            "VM5": {
              "description": "No description",
              "cost": 0.4813679347864741,
              "memory": 491520.0,
              "number": 2
            }
          },
          "response_time": 0.2923899480927841
        },
        "h4": {
          "computationallayer4": {
            "VM5": {
              "description": "No description",
              "cost": 0.4813679347864741,
              "memory": 491520.0,
              "number": 2
            }
          },
          "response_time": 0.34532883363548
        },
        "h5": {
          "computationallayer4": {
            "VM5": {
              "description": "No description",
              "cost": 0.4813679347864741,
              "memory": 491520.0,
              "number": 2
            }
          },
          "response_time": 0.3517369607355046
        }
      },
      "response_time": 0.4140646566679599,
      "response_time_threshold": "inf"
    },
    "c10": {
      "s1": {
        "h1": {
          "computationallayer4": {
            "VM5": {
              "description": "No description",
              "cost": 0.4813679347864741,
              "memory": 491520.0,
              "number": 2
            }
          },
          "response_time": 1.0097125578656996
        }
      },
      "response_time": 1.0097125578656996,
      "response_time_threshold": "inf"
    },
    "c11": {
      "s3": {
        "h6": {
          "computationallayer5": {
            "VM8": {
              "description": "No description",
              "cost": 0.003216199130859465,
              "memory": 491520.0,
              "number": 1
            }
          },
          "response_time": 0.7276608715494386
        },
        "h7": {
          "computationallayer4": {
            "VM5": {
              "description": "No description",
              "cost": 0.4813679347864741,
              "memory": 491520.0,
              "number": 2
            }
          },
          "response_time": 0.5014946758374831
        }
      },
      "response_time": 0.7657710178380693,
      "response_time_threshold": "inf"
    },
    "c12": {
      "s1": {
        "h1": {
          "computationallayer6": {
            "VM15": {
              "description": "No description",
              "cost": 1.120858474632408,
              "memory": 491520.0,
              "number": 1
            }
          },
          "response_time": 0.5935654700303047
        }
      },
      "response_time": 0.5935654700303047,
      "response_time_threshold": 77.3526157246181
    },
    "c13": {
      "s3": {
        "h6": {
          "computationallayer6": {
            "VM15": {
              "description": "No description",
              "cost": 1.120858474632408,
              "memory": 491520.0,
              "number": 1
            }
          },
          "response_time": 0.34142160011632494
        },
        "h7": {
          "computationallayer5": {
            "VM8": {
              "description": "No description",
              "cost": 0.003216199130859465,
              "memory": 491520.0,
              "number": 1
            }
          },
          "response_time": 0.8661547226981096
        }
      },
      "response_time": 1.0966313180278466,
      "response_time_threshold": "inf"
    },
    "c14": {
      "s1": {
        "h1": {
          "computationallayer7": {
            "F23": {
              "description": "No description",
              "cost": 0.016462760063757687,
              "memory": 491520.0,
              "idle_time_before_kill": 600.0,
              "transition_cost": 0.0
            }
          },
          "response_time": 2.719840289188823
        }
      },
      "response_time": 2.719840289188823,
      "response_time_threshold": "inf"
    },
    "c15": {
      "s1": {
        "h1": {
          "computationallayer4": {
            "VM5": {
              "description": "No description",
              "cost": 0.4813679347864741,
              "memory": 491520.0,
              "number": 2
            }
          },
          "response_time": 1.1000991202109929
        }
      },
      "response_time": 1.1000991202109929,
      "response_time_threshold": "inf"
    }
  },
  "global_constraints": {
    "p1": {
      "components": [
        "c8",
        "c9",
        "c10"
      ],
      "global_res_time": 247.43499106950466,
      "path_response_time": 16.37622079229018
    },
    "p2": {
      "components": [
        "c5",
        "c10",
        "c11",
        "c12",
        "c13",
        "c14",
        "c15"
      ],
      "global_res_time": 212.68940177715777,
      "path_response_time": 32.17275385247858
    },
    "p3": {
      "components": [
        "c6",
        "c10",
        "c11"
      ],
      "global_res_time": 240.3756135821516,
      "path_response_time": 22.399655311233378
    },
    "p4": {
      "components": [
        "c2",
        "c3",
        "c6"
      ],
      "global_res_time": 228.0528237700276,
      "path_response_time": 40.14857590294545
    },
    "p5": {
      "components": [
        "c5",
        "c6",
        "c9"
      ],
      "global_res_time": 218.85712962925734,
      "path_response_time": 45.88870380484773
    }
  },
  "total_cost": "12.561813852200174"
}