{
    "DirectedAcyclicGraph": {
        "c2": {
            "next": [
                "c3",
                "c5",
                "c6",
                "c7",
                "c8"
            ],
            "transition_probability": [
                0.07901189106261652,
                0.1383718799798582,
                0.3150159306311993,
                0.12143783718948228,
                0.3461624611368438
            ]
        },
        "c3": {
            "next": [
                "c5",
                "c6",
                "c7",
                "c8",
                "c4"
            ],
            "transition_probability": [
                0.011659126678210332,
                0.14270951912285887,
                0.15458862520010777,
                0.3100871707901933,
                0.38095555820862975
            ]
        },
        "c5": {
            "next": [
                "c6",
                "c7",
                "c8",
                "c9"
            ],
            "transition_probability": [
                0.17532934063395753,
                0.23718529954402187,
                0.1481576055030214,
                0.4393277543189992
            ]
        },
        "c6": {
            "next": [
                "c8",
                "c9"
            ],
            "transition_probability": [
                0.9028330435887331,
                0.0971669564112669
            ]
        },
        "c7": {
            "next": [
                "c8",
                "c9"
            ],
            "transition_probability": [
                0.4314152833521302,
                0.5685847166478697
            ]
        },
        "c8": {
            "next": [
                "c9"
            ],
            "transition_probability": [
                1.0
            ]
        },
        "c4": {
            "next": [
                "c5",
                "c6",
                "c7",
                "c9"
            ],
            "transition_probability": [
                0.16161054006535858,
                0.28038384410321165,
                0.3507923618129242,
                0.2072132540185055
            ]
        },
        "c9": {
            "next": [
                "c10"
            ],
            "transition_probability": [
                1.0
            ]
        },
        "c1": {
            "next": [
                "c2"
            ],
            "transition_probability": [
                1.0
            ]
        },
        "c10": {
            "next": [],
            "transition_probability": []
        }
    },
    "Components": {
        "c1": {
            "s1": {
                "h1": {
                    "next": [
                        "c2"
                    ],
                    "data_size": [
                        6
                    ],
                    "early_exit_probability": 0
                }
            },
            "s2": {
                "h2": {
                    "next": [
                        "h3"
                    ],
                    "early_exit_probability": 0.1509701076574964,
                    "data_size": [
                        6
                    ]
                },
                "h3": {
                    "next": [
                        "c2"
                    ],
                    "early_exit_probability": 0,
                    "data_size": [
                        6
                    ]
                }
            },
            "s3": {
                "h4": {
                    "next": [
                        "h5"
                    ],
                    "early_exit_probability": 0.7226677171914785,
                    "data_size": [
                        7
                    ]
                },
                "h5": {
                    "next": [
                        "h6"
                    ],
                    "early_exit_probability": 0.7311584319806628,
                    "data_size": [
                        5
                    ]
                },
                "h6": {
                    "next": [
                        "c2"
                    ],
                    "early_exit_probability": 0,
                    "data_size": [
                        6
                    ]
                }
            }
        },
        "c2": {
            "s1": {
                "h1": {
                    "next": [
                        "c3",
                        "c5",
                        "c6",
                        "c7",
                        "c8"
                    ],
                    "data_size": [
                        4,
                        6,
                        7,
                        6,
                        4
                    ],
                    "early_exit_probability": 0
                }
            }
        },
        "c3": {
            "s1": {
                "h1": {
                    "next": [
                        "c5",
                        "c6",
                        "c7",
                        "c8",
                        "c4"
                    ],
                    "data_size": [
                        5,
                        6,
                        7,
                        7,
                        7
                    ],
                    "early_exit_probability": 0
                }
            }
        },
        "c4": {
            "s1": {
                "h1": {
                    "next": [
                        "c5",
                        "c6",
                        "c7",
                        "c9"
                    ],
                    "data_size": [
                        7,
                        5,
                        6,
                        7
                    ],
                    "early_exit_probability": 0
                }
            }
        },
        "c5": {
            "s1": {
                "h1": {
                    "next": [
                        "c6",
                        "c7",
                        "c8",
                        "c9"
                    ],
                    "data_size": [
                        5,
                        7,
                        4,
                        7
                    ],
                    "early_exit_probability": 0
                }
            }
        },
        "c6": {
            "s1": {
                "h1": {
                    "next": [
                        "c8",
                        "c9"
                    ],
                    "data_size": [
                        5,
                        4
                    ],
                    "early_exit_probability": 0
                }
            }
        },
        "c7": {
            "s1": {
                "h1": {
                    "next": [
                        "c8",
                        "c9"
                    ],
                    "data_size": [
                        6,
                        6
                    ],
                    "early_exit_probability": 0
                }
            },
            "s2": {
                "h2": {
                    "next": [
                        "h3"
                    ],
                    "early_exit_probability": 0.8662616828816474,
                    "data_size": [
                        6
                    ]
                },
                "h3": {
                    "next": [
                        "h4"
                    ],
                    "early_exit_probability": 0.4712378479431185,
                    "data_size": [
                        6
                    ]
                },
                "h4": {
                    "next": [
                        "h5"
                    ],
                    "early_exit_probability": 0.4758040220637739,
                    "data_size": [
                        5
                    ]
                },
                "h5": {
                    "next": [
                        "c8",
                        "c9"
                    ],
                    "early_exit_probability": 0,
                    "data_size": [
                        6,
                        6
                    ]
                }
            }
        },
        "c8": {
            "s1": {
                "h1": {
                    "next": [
                        "c9"
                    ],
                    "data_size": [
                        7
                    ],
                    "early_exit_probability": 0
                }
            },
            "s2": {
                "h2": {
                    "next": [
                        "h3"
                    ],
                    "early_exit_probability": 0.527682718096106,
                    "data_size": [
                        4
                    ]
                },
                "h3": {
                    "next": [
                        "h4"
                    ],
                    "early_exit_probability": 0.9392041360238716,
                    "data_size": [
                        6
                    ]
                },
                "h4": {
                    "next": [
                        "c9"
                    ],
                    "early_exit_probability": 0,
                    "data_size": [
                        7
                    ]
                }
            }
        },
        "c9": {
            "s1": {
                "h1": {
                    "next": [
                        "c10"
                    ],
                    "data_size": [
                        5
                    ],
                    "early_exit_probability": 0
                }
            }
        },
        "c10": {
            "s1": {
                "h1": {
                    "next": [],
                    "data_size": [
                        6
                    ],
                    "early_exit_probability": 0
                }
            },
            "s2": {
                "h2": {
                    "next": [
                        "h3"
                    ],
                    "early_exit_probability": 0.41184557451773585,
                    "data_size": [
                        6
                    ]
                },
                "h3": {
                    "next": [
                        "h4"
                    ],
                    "early_exit_probability": 0.13838470671609027,
                    "data_size": [
                        6
                    ]
                },
                "h4": {
                    "next": [],
                    "early_exit_probability": 0,
                    "data_size": [
                        4
                    ]
                }
            }
        }
    },
    "EdgeResources": {
        "computationallayer1": {
            "Drone1": {
                "number": 1,
                "cost": 4.008308374432571,
                "memory": 327680,
                "n_cores": 1
            }
        },
        "computationallayer2": {
            "EN1": {
                "number": 2,
                "cost": 7.577166528995779,
                "memory": 327680,
                "n_cores": 1
            },
            "EN2": {
                "number": 2,
                "cost": 7.004154785270977,
                "memory": 327680,
                "n_cores": 1
            },
            "EN3": {
                "number": 2,
                "cost": 7.994237323073044,
                "memory": 327680,
                "n_cores": 1
            },
            "EN4": {
                "number": 2,
                "cost": 7.968081294746961,
                "memory": 327680,
                "n_cores": 1
            }
        },
        "computationallayer3": {
            "EN5": {
                "number": 2,
                "cost": 6.454157253166551,
                "memory": 327680,
                "n_cores": 1
            },
            "EN6": {
                "number": 2,
                "cost": 7.699914580379442,
                "memory": 327680,
                "n_cores": 1
            },
            "EN7": {
                "number": 2,
                "cost": 7.625635071276343,
                "memory": 327680,
                "n_cores": 1
            },
            "EN8": {
                "number": 2,
                "cost": 6.472268740504499,
                "memory": 327680,
                "n_cores": 1
            }
        }
    },
    "CloudResources": {
        "computationallayer4": {
            "VM1": {
                "number": 4,
                "cost": 0.7775877563444599,
                "memory": 327680,
                "n_cores": 1
            },
            "VM2": {
                "number": 3,
                "cost": 1.4631370296048187,
                "memory": 327680,
                "n_cores": 1
            },
            "VM3": {
                "number": 4,
                "cost": 1.1585043333606295,
                "memory": 327680,
                "n_cores": 1
            },
            "VM4": {
                "number": 4,
                "cost": 1.8494403141520839,
                "memory": 327680,
                "n_cores": 1
            }
        },
        "computationallayer5": {
            "VM5": {
                "number": 4,
                "cost": 0.7548858966283101,
                "memory": 327680,
                "n_cores": 1
            },
            "VM6": {
                "number": 3,
                "cost": 5.26571964705057,
                "memory": 327680,
                "n_cores": 1
            },
            "VM7": {
                "number": 4,
                "cost": 3.0847240778628175,
                "memory": 327680,
                "n_cores": 1
            },
            "VM8": {
                "number": 3,
                "cost": 3.7756249642874327,
                "memory": 327680,
                "n_cores": 1
            }
        }
    },
    "FaaSResources": {
        "computationallayer6": {
            "F1": {
                "cost": 0.3591089147932802,
                "memory": 327680,
                "idle_time_before_kill": 600
            },
            "F2": {
                "cost": 0.5292924523083301,
                "memory": 327680,
                "idle_time_before_kill": 600
            },
            "F3": {
                "cost": 0.5648231106837381,
                "memory": 327680,
                "idle_time_before_kill": 600
            },
            "F4": {
                "cost": 0.8335490012491904,
                "memory": 327680,
                "idle_time_before_kill": 600
            },
            "F5": {
                "cost": 0.06281332248498894,
                "memory": 327680,
                "idle_time_before_kill": 600
            },
            "F6": {
                "cost": 0.6063666231574216,
                "memory": 327680,
                "idle_time_before_kill": 600
            },
            "F7": {
                "cost": 0.5036127449406888,
                "memory": 327680,
                "idle_time_before_kill": 600
            },
            "F8": {
                "cost": 0.16029869282555476,
                "memory": 327680,
                "idle_time_before_kill": 600
            },
            "F9": {
                "cost": 0.14544547855627277,
                "memory": 327680,
                "idle_time_before_kill": 600
            },
            "F10": {
                "cost": 0.6378408620215795,
                "memory": 327680,
                "idle_time_before_kill": 600
            },
            "F11": {
                "cost": 0.8829061403612987,
                "memory": 327680,
                "idle_time_before_kill": 600
            },
            "F12": {
                "cost": 0.032865810850571386,
                "memory": 327680,
                "idle_time_before_kill": 600
            },
            "F13": {
                "cost": 0.42802190146812014,
                "memory": 327680,
                "idle_time_before_kill": 600
            },
            "F14": {
                "cost": 0.8778930732614957,
                "memory": 327680,
                "idle_time_before_kill": 600
            },
            "F15": {
                "cost": 0.4765070794853329,
                "memory": 327680,
                "idle_time_before_kill": 600
            },
            "F16": {
                "cost": 0.36757053754909275,
                "memory": 327680,
                "idle_time_before_kill": 600
            },
            "F17": {
                "cost": 0.2406502518590784,
                "memory": 327680,
                "idle_time_before_kill": 600
            },
            "F18": {
                "cost": 0.04823177716362981,
                "memory": 327680,
                "idle_time_before_kill": 600
            },
            "transition_cost": 0
        }
    },
    "CompatibilityMatrix": {
        "c1": {
            "h1": [
                {
                    "resource": "Drone1",
                    "memory": 256
                }
            ],
            "h2": [
                {
                    "resource": "Drone1",
                    "memory": 512
                }
            ],
            "h3": [
                {
                    "resource": "Drone1",
                    "memory": 512
                }
            ],
            "h4": [
                {
                    "resource": "Drone1",
                    "memory": 256
                }
            ],
            "h5": [
                {
                    "resource": "Drone1",
                    "memory": 512
                }
            ],
            "h6": [
                {
                    "resource": "Drone1",
                    "memory": 512
                }
            ]
        },
        "c2": {
            "h1": [
                {
                    "resource": "Drone1",
                    "memory": 512
                },
                {
                    "resource": "EN1",
                    "memory": 512
                },
                {
                    "resource": "EN2",
                    "memory": 2048
                },
                {
                    "resource": "EN3",
                    "memory": 1024
                },
                {
                    "resource": "EN4",
                    "memory": 512
                },
                {
                    "resource": "EN5",
                    "memory": 1024
                },
                {
                    "resource": "EN6",
                    "memory": 512
                },
                {
                    "resource": "EN7",
                    "memory": 2048
                },
                {
                    "resource": "EN8",
                    "memory": 2048
                }
            ]
        },
        "c3": {
            "h1": [
                {
                    "resource": "Drone1",
                    "memory": 256
                },
                {
                    "resource": "EN1",
                    "memory": 1024
                },
                {
                    "resource": "EN2",
                    "memory": 2048
                },
                {
                    "resource": "EN3",
                    "memory": 512
                },
                {
                    "resource": "EN4",
                    "memory": 2048
                },
                {
                    "resource": "EN5",
                    "memory": 1024
                },
                {
                    "resource": "EN6",
                    "memory": 512
                },
                {
                    "resource": "EN7",
                    "memory": 2048
                },
                {
                    "resource": "EN8",
                    "memory": 512
                }
            ]
        },
        "c4": {
            "h1": [
                {
                    "resource": "EN1",
                    "memory": 1024
                },
                {
                    "resource": "EN2",
                    "memory": 512
                },
                {
                    "resource": "EN3",
                    "memory": 512
                },
                {
                    "resource": "EN4",
                    "memory": 2048
                },
                {
                    "resource": "EN5",
                    "memory": 512
                },
                {
                    "resource": "EN6",
                    "memory": 512
                },
                {
                    "resource": "EN7",
                    "memory": 1024
                },
                {
                    "resource": "EN8",
                    "memory": 1024
                }
            ]
        },
        "c5": {
            "h1": [
                {
                    "resource": "EN1",
                    "memory": 1024
                },
                {
                    "resource": "EN2",
                    "memory": 512
                },
                {
                    "resource": "EN3",
                    "memory": 512
                },
                {
                    "resource": "EN4",
                    "memory": 2048
                },
                {
                    "resource": "EN5",
                    "memory": 2048
                },
                {
                    "resource": "EN6",
                    "memory": 2048
                },
                {
                    "resource": "EN7",
                    "memory": 512
                },
                {
                    "resource": "EN8",
                    "memory": 1024
                }
            ]
        },
        "c6": {
            "h1": [
                {
                    "resource": "EN1",
                    "memory": 1024
                },
                {
                    "resource": "EN2",
                    "memory": 1024
                },
                {
                    "resource": "EN3",
                    "memory": 512
                },
                {
                    "resource": "EN4",
                    "memory": 2048
                },
                {
                    "resource": "EN5",
                    "memory": 1024
                },
                {
                    "resource": "EN6",
                    "memory": 512
                },
                {
                    "resource": "EN7",
                    "memory": 512
                },
                {
                    "resource": "EN8",
                    "memory": 2048
                },
                {
                    "resource": "VM1",
                    "memory": 8192
                },
                {
                    "resource": "VM2",
                    "memory": 8192
                },
                {
                    "resource": "VM3",
                    "memory": 2048
                },
                {
                    "resource": "VM4",
                    "memory": 4096
                },
                {
                    "resource": "VM5",
                    "memory": 8192
                },
                {
                    "resource": "VM6",
                    "memory": 8192
                },
                {
                    "resource": "VM7",
                    "memory": 4096
                },
                {
                    "resource": "VM8",
                    "memory": 8192
                }
            ]
        },
        "c7": {
            "h1": [
                {
                    "resource": "EN1",
                    "memory": 1024
                },
                {
                    "resource": "EN2",
                    "memory": 512
                },
                {
                    "resource": "EN3",
                    "memory": 512
                },
                {
                    "resource": "EN4",
                    "memory": 512
                },
                {
                    "resource": "EN5",
                    "memory": 1024
                },
                {
                    "resource": "EN6",
                    "memory": 1024
                },
                {
                    "resource": "EN7",
                    "memory": 1024
                },
                {
                    "resource": "EN8",
                    "memory": 1024
                },
                {
                    "resource": "VM1",
                    "memory": 2048
                },
                {
                    "resource": "VM2",
                    "memory": 4096
                },
                {
                    "resource": "VM3",
                    "memory": 8192
                },
                {
                    "resource": "VM4",
                    "memory": 2048
                },
                {
                    "resource": "VM5",
                    "memory": 4096
                },
                {
                    "resource": "VM6",
                    "memory": 4096
                },
                {
                    "resource": "VM7",
                    "memory": 4096
                },
                {
                    "resource": "VM8",
                    "memory": 8192
                }
            ],
            "h2": [
                {
                    "resource": "EN1",
                    "memory": 2048
                },
                {
                    "resource": "EN2",
                    "memory": 2048
                },
                {
                    "resource": "EN3",
                    "memory": 512
                },
                {
                    "resource": "EN4",
                    "memory": 1024
                },
                {
                    "resource": "EN5",
                    "memory": 1024
                },
                {
                    "resource": "EN6",
                    "memory": 512
                },
                {
                    "resource": "EN7",
                    "memory": 2048
                },
                {
                    "resource": "EN8",
                    "memory": 1024
                },
                {
                    "resource": "VM1",
                    "memory": 8192
                },
                {
                    "resource": "VM2",
                    "memory": 4096
                },
                {
                    "resource": "VM3",
                    "memory": 2048
                },
                {
                    "resource": "VM4",
                    "memory": 2048
                },
                {
                    "resource": "VM5",
                    "memory": 8192
                },
                {
                    "resource": "VM6",
                    "memory": 8192
                },
                {
                    "resource": "VM7",
                    "memory": 8192
                },
                {
                    "resource": "VM8",
                    "memory": 4096
                }
            ],
            "h3": [
                {
                    "resource": "EN1",
                    "memory": 512
                },
                {
                    "resource": "EN2",
                    "memory": 512
                },
                {
                    "resource": "EN3",
                    "memory": 1024
                },
                {
                    "resource": "EN4",
                    "memory": 2048
                },
                {
                    "resource": "EN5",
                    "memory": 512
                },
                {
                    "resource": "EN6",
                    "memory": 1024
                },
                {
                    "resource": "EN7",
                    "memory": 1024
                },
                {
                    "resource": "EN8",
                    "memory": 1024
                },
                {
                    "resource": "VM1",
                    "memory": 8192
                },
                {
                    "resource": "VM2",
                    "memory": 2048
                },
                {
                    "resource": "VM3",
                    "memory": 4096
                },
                {
                    "resource": "VM4",
                    "memory": 2048
                },
                {
                    "resource": "VM5",
                    "memory": 8192
                },
                {
                    "resource": "VM6",
                    "memory": 2048
                },
                {
                    "resource": "VM7",
                    "memory": 2048
                },
                {
                    "resource": "VM8",
                    "memory": 2048
                }
            ],
            "h4": [
                {
                    "resource": "EN1",
                    "memory": 1024
                },
                {
                    "resource": "EN2",
                    "memory": 1024
                },
                {
                    "resource": "EN3",
                    "memory": 1024
                },
                {
                    "resource": "EN4",
                    "memory": 1024
                },
                {
                    "resource": "EN5",
                    "memory": 1024
                },
                {
                    "resource": "EN6",
                    "memory": 1024
                },
                {
                    "resource": "EN7",
                    "memory": 512
                },
                {
                    "resource": "EN8",
                    "memory": 2048
                },
                {
                    "resource": "VM1",
                    "memory": 8192
                },
                {
                    "resource": "VM2",
                    "memory": 2048
                },
                {
                    "resource": "VM3",
                    "memory": 8192
                },
                {
                    "resource": "VM4",
                    "memory": 4096
                },
                {
                    "resource": "VM5",
                    "memory": 4096
                },
                {
                    "resource": "VM6",
                    "memory": 2048
                },
                {
                    "resource": "VM7",
                    "memory": 4096
                },
                {
                    "resource": "VM8",
                    "memory": 8192
                }
            ],
            "h5": [
                {
                    "resource": "EN1",
                    "memory": 512
                },
                {
                    "resource": "EN2",
                    "memory": 2048
                },
                {
                    "resource": "EN3",
                    "memory": 1024
                },
                {
                    "resource": "EN4",
                    "memory": 1024
                },
                {
                    "resource": "EN5",
                    "memory": 2048
                },
                {
                    "resource": "EN6",
                    "memory": 512
                },
                {
                    "resource": "EN7",
                    "memory": 2048
                },
                {
                    "resource": "EN8",
                    "memory": 2048
                },
                {
                    "resource": "VM1",
                    "memory": 8192
                },
                {
                    "resource": "VM2",
                    "memory": 2048
                },
                {
                    "resource": "VM3",
                    "memory": 8192
                },
                {
                    "resource": "VM4",
                    "memory": 2048
                },
                {
                    "resource": "VM5",
                    "memory": 4096
                },
                {
                    "resource": "VM6",
                    "memory": 8192
                },
                {
                    "resource": "VM7",
                    "memory": 2048
                },
                {
                    "resource": "VM8",
                    "memory": 4096
                }
            ]
        },
        "c8": {
            "h1": [
                {
                    "resource": "EN1",
                    "memory": 2048
                },
                {
                    "resource": "EN2",
                    "memory": 2048
                },
                {
                    "resource": "EN3",
                    "memory": 2048
                },
                {
                    "resource": "EN4",
                    "memory": 512
                },
                {
                    "resource": "EN5",
                    "memory": 1024
                },
                {
                    "resource": "EN6",
                    "memory": 512
                },
                {
                    "resource": "EN7",
                    "memory": 512
                },
                {
                    "resource": "EN8",
                    "memory": 512
                },
                {
                    "resource": "VM1",
                    "memory": 4096
                },
                {
                    "resource": "VM2",
                    "memory": 8192
                },
                {
                    "resource": "VM3",
                    "memory": 2048
                },
                {
                    "resource": "VM4",
                    "memory": 2048
                },
                {
                    "resource": "VM5",
                    "memory": 4096
                },
                {
                    "resource": "VM6",
                    "memory": 8192
                },
                {
                    "resource": "VM7",
                    "memory": 4096
                },
                {
                    "resource": "VM8",
                    "memory": 8192
                },
                {
                    "resource": "F1",
                    "memory": 2048
                },
                {
                    "resource": "F2",
                    "memory": 2048
                }
            ],
            "h2": [
                {
                    "resource": "EN1",
                    "memory": 512
                },
                {
                    "resource": "EN2",
                    "memory": 1024
                },
                {
                    "resource": "EN3",
                    "memory": 2048
                },
                {
                    "resource": "EN4",
                    "memory": 2048
                },
                {
                    "resource": "EN5",
                    "memory": 512
                },
                {
                    "resource": "EN6",
                    "memory": 512
                },
                {
                    "resource": "EN7",
                    "memory": 512
                },
                {
                    "resource": "EN8",
                    "memory": 2048
                },
                {
                    "resource": "VM1",
                    "memory": 2048
                },
                {
                    "resource": "VM2",
                    "memory": 8192
                },
                {
                    "resource": "VM3",
                    "memory": 2048
                },
                {
                    "resource": "VM4",
                    "memory": 4096
                },
                {
                    "resource": "VM5",
                    "memory": 4096
                },
                {
                    "resource": "VM6",
                    "memory": 2048
                },
                {
                    "resource": "VM7",
                    "memory": 4096
                },
                {
                    "resource": "VM8",
                    "memory": 2048
                },
                {
                    "resource": "F3",
                    "memory": 2048
                },
                {
                    "resource": "F4",
                    "memory": 4096
                }
            ],
            "h3": [
                {
                    "resource": "EN1",
                    "memory": 512
                },
                {
                    "resource": "EN2",
                    "memory": 1024
                },
                {
                    "resource": "EN3",
                    "memory": 512
                },
                {
                    "resource": "EN4",
                    "memory": 1024
                },
                {
                    "resource": "EN5",
                    "memory": 2048
                },
                {
                    "resource": "EN6",
                    "memory": 1024
                },
                {
                    "resource": "EN7",
                    "memory": 512
                },
                {
                    "resource": "EN8",
                    "memory": 512
                },
                {
                    "resource": "VM1",
                    "memory": 2048
                },
                {
                    "resource": "VM2",
                    "memory": 8192
                },
                {
                    "resource": "VM3",
                    "memory": 4096
                },
                {
                    "resource": "VM4",
                    "memory": 2048
                },
                {
                    "resource": "VM5",
                    "memory": 2048
                },
                {
                    "resource": "VM6",
                    "memory": 4096
                },
                {
                    "resource": "VM7",
                    "memory": 4096
                },
                {
                    "resource": "VM8",
                    "memory": 4096
                },
                {
                    "resource": "F5",
                    "memory": 1024
                },
                {
                    "resource": "F6",
                    "memory": 1024
                }
            ],
            "h4": [
                {
                    "resource": "EN1",
                    "memory": 1024
                },
                {
                    "resource": "EN2",
                    "memory": 2048
                },
                {
                    "resource": "EN3",
                    "memory": 512
                },
                {
                    "resource": "EN4",
                    "memory": 1024
                },
                {
                    "resource": "EN5",
                    "memory": 1024
                },
                {
                    "resource": "EN6",
                    "memory": 1024
                },
                {
                    "resource": "EN7",
                    "memory": 512
                },
                {
                    "resource": "EN8",
                    "memory": 2048
                },
                {
                    "resource": "VM1",
                    "memory": 8192
                },
                {
                    "resource": "VM2",
                    "memory": 4096
                },
                {
                    "resource": "VM3",
                    "memory": 8192
                },
                {
                    "resource": "VM4",
                    "memory": 8192
                },
                {
                    "resource": "VM5",
                    "memory": 4096
                },
                {
                    "resource": "VM6",
                    "memory": 4096
                },
                {
                    "resource": "VM7",
                    "memory": 4096
                },
                {
                    "resource": "VM8",
                    "memory": 4096
                },
                {
                    "resource": "F7",
                    "memory": 4096
                },
                {
                    "resource": "F8",
                    "memory": 4096
                }
            ]
        },
        "c9": {
            "h1": [
                {
                    "resource": "VM1",
                    "memory": 8192
                },
                {
                    "resource": "VM2",
                    "memory": 8192
                },
                {
                    "resource": "VM3",
                    "memory": 4096
                },
                {
                    "resource": "VM4",
                    "memory": 2048
                },
                {
                    "resource": "VM5",
                    "memory": 4096
                },
                {
                    "resource": "VM6",
                    "memory": 2048
                },
                {
                    "resource": "VM7",
                    "memory": 4096
                },
                {
                    "resource": "VM8",
                    "memory": 8192
                },
                {
                    "resource": "F9",
                    "memory": 2048
                },
                {
                    "resource": "F10",
                    "memory": 2048
                }
            ]
        },
        "c10": {
            "h1": [
                {
                    "resource": "VM1",
                    "memory": 4096
                },
                {
                    "resource": "VM2",
                    "memory": 8192
                },
                {
                    "resource": "VM3",
                    "memory": 2048
                },
                {
                    "resource": "VM4",
                    "memory": 4096
                },
                {
                    "resource": "VM5",
                    "memory": 8192
                },
                {
                    "resource": "VM6",
                    "memory": 2048
                },
                {
                    "resource": "VM7",
                    "memory": 4096
                },
                {
                    "resource": "VM8",
                    "memory": 4096
                },
                {
                    "resource": "F11",
                    "memory": 4096
                },
                {
                    "resource": "F12",
                    "memory": 2048
                }
            ],
            "h2": [
                {
                    "resource": "VM1",
                    "memory": 4096
                },
                {
                    "resource": "VM2",
                    "memory": 4096
                },
                {
                    "resource": "VM3",
                    "memory": 4096
                },
                {
                    "resource": "VM4",
                    "memory": 2048
                },
                {
                    "resource": "VM5",
                    "memory": 2048
                },
                {
                    "resource": "VM6",
                    "memory": 8192
                },
                {
                    "resource": "VM7",
                    "memory": 2048
                },
                {
                    "resource": "VM8",
                    "memory": 8192
                },
                {
                    "resource": "F13",
                    "memory": 1024
                },
                {
                    "resource": "F14",
                    "memory": 2048
                }
            ],
            "h3": [
                {
                    "resource": "VM1",
                    "memory": 2048
                },
                {
                    "resource": "VM2",
                    "memory": 8192
                },
                {
                    "resource": "VM3",
                    "memory": 8192
                },
                {
                    "resource": "VM4",
                    "memory": 2048
                },
                {
                    "resource": "VM5",
                    "memory": 8192
                },
                {
                    "resource": "VM6",
                    "memory": 2048
                },
                {
                    "resource": "VM7",
                    "memory": 4096
                },
                {
                    "resource": "VM8",
                    "memory": 4096
                },
                {
                    "resource": "F15",
                    "memory": 4096
                },
                {
                    "resource": "F16",
                    "memory": 1024
                }
            ],
            "h4": [
                {
                    "resource": "VM1",
                    "memory": 8192
                },
                {
                    "resource": "VM2",
                    "memory": 2048
                },
                {
                    "resource": "VM3",
                    "memory": 4096
                },
                {
                    "resource": "VM4",
                    "memory": 4096
                },
                {
                    "resource": "VM5",
                    "memory": 4096
                },
                {
                    "resource": "VM6",
                    "memory": 8192
                },
                {
                    "resource": "VM7",
                    "memory": 8192
                },
                {
                    "resource": "VM8",
                    "memory": 4096
                },
                {
                    "resource": "F17",
                    "memory": 4096
                },
                {
                    "resource": "F18",
                    "memory": 2048
                }
            ]
        }
    },
    "Performance": {
        "c1": {
            "h1": {
                "Drone1": {
                    "model": "QTedge",
                    "demand": 0.117516677920915
                }
            },
            "h2": {
                "Drone1": {
                    "model": "QTedge",
                    "demand": 0.066408766375322
                }
            },
            "h3": {
                "Drone1": {
                    "model": "QTedge",
                    "demand": 0.06402059233055823
                }
            },
            "h4": {
                "Drone1": {
                    "model": "QTedge",
                    "demand": 0.048499346129710647
                }
            },
            "h5": {
                "Drone1": {
                    "model": "QTedge",
                    "demand": 0.048233616562283244
                }
            },
            "h6": {
                "Drone1": {
                    "model": "QTedge",
                    "demand": 0.04792901695756735
                }
            }
        },
        "c2": {
            "h1": {
                "Drone1": {
                    "model": "QTedge",
                    "demand": 1.7835706727666782
                },
                "EN1": {
                    "model": "QTedge",
                    "demand": 0.7840484242647452
                },
                "EN2": {
                    "model": "QTedge",
                    "demand": 0.6886565503170059
                },
                "EN3": {
                    "model": "QTedge",
                    "demand": 0.7264352518255159
                },
                "EN4": {
                    "model": "QTedge",
                    "demand": 0.7185455297730258
                },
                "EN5": {
                    "model": "QTedge",
                    "demand": 0.7959477809247772
                },
                "EN6": {
                    "model": "QTedge",
                    "demand": 0.6036032047560701
                },
                "EN7": {
                    "model": "QTedge",
                    "demand": 0.7404454250183047
                },
                "EN8": {
                    "model": "QTedge",
                    "demand": 0.8685350584729704
                }
            }
        },
        "c3": {
            "h1": {
                "Drone1": {
                    "model": "QTedge",
                    "demand": 1.3813972359614364
                },
                "EN1": {
                    "model": "QTedge",
                    "demand": 0.842032463139356
                },
                "EN2": {
                    "model": "QTedge",
                    "demand": 0.9445493436874838
                },
                "EN3": {
                    "model": "QTedge",
                    "demand": 1.0238263518661088
                },
                "EN4": {
                    "model": "QTedge",
                    "demand": 0.7752692915647982
                },
                "EN5": {
                    "model": "QTedge",
                    "demand": 1.0043849715780637
                },
                "EN6": {
                    "model": "QTedge",
                    "demand": 0.7529056110841429
                },
                "EN7": {
                    "model": "QTedge",
                    "demand": 0.969784771021192
                },
                "EN8": {
                    "model": "QTedge",
                    "demand": 0.8042726736568795
                }
            }
        },
        "c4": {
            "h1": {
                "EN1": {
                    "model": "QTedge",
                    "demand": 1.0969953995773536
                },
                "EN2": {
                    "model": "QTedge",
                    "demand": 0.9227420898754177
                },
                "EN3": {
                    "model": "QTedge",
                    "demand": 0.6135151325729348
                },
                "EN4": {
                    "model": "QTedge",
                    "demand": 0.9452515225433886
                },
                "EN5": {
                    "model": "QTedge",
                    "demand": 0.6316256382771722
                },
                "EN6": {
                    "model": "QTedge",
                    "demand": 0.7933049809312542
                },
                "EN7": {
                    "model": "QTedge",
                    "demand": 0.7044496665278234
                },
                "EN8": {
                    "model": "QTedge",
                    "demand": 1.0368809534189252
                }
            }
        },
        "c5": {
            "h1": {
                "EN1": {
                    "model": "QTedge",
                    "demand": 0.6207864139376992
                },
                "EN2": {
                    "model": "QTedge",
                    "demand": 1.041912598127469
                },
                "EN3": {
                    "model": "QTedge",
                    "demand": 0.7110539173799824
                },
                "EN4": {
                    "model": "QTedge",
                    "demand": 0.8964817370840192
                },
                "EN5": {
                    "model": "QTedge",
                    "demand": 1.0399794487357665
                },
                "EN6": {
                    "model": "QTedge",
                    "demand": 0.9876853666605214
                },
                "EN7": {
                    "model": "QTedge",
                    "demand": 0.6518077516558072
                },
                "EN8": {
                    "model": "QTedge",
                    "demand": 0.6169825672451387
                }
            }
        },
        "c6": {
            "h1": {
                "EN1": {
                    "model": "QTedge",
                    "demand": 0.8485840257758789
                },
                "EN2": {
                    "model": "QTedge",
                    "demand": 0.7517707410128552
                },
                "EN3": {
                    "model": "QTedge",
                    "demand": 0.6065205288005392
                },
                "EN4": {
                    "model": "QTedge",
                    "demand": 1.038425064041759
                },
                "EN5": {
                    "model": "QTedge",
                    "demand": 0.718047533307206
                },
                "EN6": {
                    "model": "QTedge",
                    "demand": 0.7094507377807604
                },
                "EN7": {
                    "model": "QTedge",
                    "demand": 0.6020825993922257
                },
                "EN8": {
                    "model": "QTedge",
                    "demand": 0.7300154677863597
                },
                "VM1": {
                    "model": "QTedge",
                    "demand": 0.3374962494965944
                },
                "VM2": {
                    "model": "QTedge",
                    "demand": 0.4867107292010173
                },
                "VM3": {
                    "model": "QTedge",
                    "demand": 0.460203296492118
                },
                "VM4": {
                    "model": "QTedge",
                    "demand": 0.5996148779084955
                },
                "VM5": {
                    "model": "QTedge",
                    "demand": 0.5891722553844523
                },
                "VM6": {
                    "model": "QTedge",
                    "demand": 0.6650393677336697
                },
                "VM7": {
                    "model": "QTedge",
                    "demand": 0.46285496428225026
                },
                "VM8": {
                    "model": "QTedge",
                    "demand": 0.6674786297242602
                }
            }
        },
        "c7": {
            "h1": {
                "EN1": {
                    "model": "QTedge",
                    "demand": 0.9313837585677925
                },
                "EN2": {
                    "model": "QTedge",
                    "demand": 0.9548204106344811
                },
                "EN3": {
                    "model": "QTedge",
                    "demand": 0.9359921920052752
                },
                "EN4": {
                    "model": "QTedge",
                    "demand": 0.8490751929757139
                },
                "EN5": {
                    "model": "QTedge",
                    "demand": 0.8057005195387
                },
                "EN6": {
                    "model": "QTedge",
                    "demand": 1.033339597291072
                },
                "EN7": {
                    "model": "QTedge",
                    "demand": 0.8348743475854675
                },
                "EN8": {
                    "model": "QTedge",
                    "demand": 0.7589108827911666
                },
                "VM1": {
                    "model": "QTedge",
                    "demand": 0.2235685738291172
                },
                "VM2": {
                    "model": "QTedge",
                    "demand": 0.5295615841754129
                },
                "VM3": {
                    "model": "QTedge",
                    "demand": 0.5777839169587101
                },
                "VM4": {
                    "model": "QTedge",
                    "demand": 0.4519365248180509
                },
                "VM5": {
                    "model": "QTedge",
                    "demand": 0.5647334628084804
                },
                "VM6": {
                    "model": "QTedge",
                    "demand": 0.5198443532673235
                },
                "VM7": {
                    "model": "QTedge",
                    "demand": 0.45109186757310776
                },
                "VM8": {
                    "model": "QTedge",
                    "demand": 0.2941462102626953
                }
            },
            "h2": {
                "EN1": {
                    "model": "QTedge",
                    "demand": 0.2906914036549422
                },
                "EN2": {
                    "model": "QTedge",
                    "demand": 0.33783841324761155
                },
                "EN3": {
                    "model": "QTedge",
                    "demand": 0.31563567672536685
                },
                "EN4": {
                    "model": "QTedge",
                    "demand": 0.3087522413144962
                },
                "EN5": {
                    "model": "QTedge",
                    "demand": 0.28341040433951703
                },
                "EN6": {
                    "model": "QTedge",
                    "demand": 0.34012980584714597
                },
                "EN7": {
                    "model": "QTedge",
                    "demand": 0.28876853826916055
                },
                "EN8": {
                    "model": "QTedge",
                    "demand": 0.252038506551471
                },
                "VM1": {
                    "model": "QTedge",
                    "demand": 0.12022615096706457
                },
                "VM2": {
                    "model": "QTedge",
                    "demand": 0.19073203348347187
                },
                "VM3": {
                    "model": "QTedge",
                    "demand": 0.229821969669875
                },
                "VM4": {
                    "model": "QTedge",
                    "demand": 0.20579104210822607
                },
                "VM5": {
                    "model": "QTedge",
                    "demand": 0.20215566276546754
                },
                "VM6": {
                    "model": "QTedge",
                    "demand": 0.1830652531678219
                },
                "VM7": {
                    "model": "QTedge",
                    "demand": 0.18294588945914558
                },
                "VM8": {
                    "model": "QTedge",
                    "demand": 0.17182207432456792
                }
            },
            "h3": {
                "EN1": {
                    "model": "QTedge",
                    "demand": 0.28837266530495154
                },
                "EN2": {
                    "model": "QTedge",
                    "demand": 0.3058437402503994
                },
                "EN3": {
                    "model": "QTedge",
                    "demand": 0.319185688372722
                },
                "EN4": {
                    "model": "QTedge",
                    "demand": 0.3119952196196324
                },
                "EN5": {
                    "model": "QTedge",
                    "demand": 0.26952520507709354
                },
                "EN6": {
                    "model": "QTedge",
                    "demand": 0.3342826607999025
                },
                "EN7": {
                    "model": "QTedge",
                    "demand": 0.26991009989991765
                },
                "EN8": {
                    "model": "QTedge",
                    "demand": 0.257101221911999
                },
                "VM1": {
                    "model": "QTedge",
                    "demand": 0.11253809716768187
                },
                "VM2": {
                    "model": "QTedge",
                    "demand": 0.19161200497299338
                },
                "VM3": {
                    "model": "QTedge",
                    "demand": 0.20939154492926565
                },
                "VM4": {
                    "model": "QTedge",
                    "demand": 0.1654132089109141
                },
                "VM5": {
                    "model": "QTedge",
                    "demand": 0.20507330522790526
                },
                "VM6": {
                    "model": "QTedge",
                    "demand": 0.18411656912882246
                },
                "VM7": {
                    "model": "QTedge",
                    "demand": 0.16423030819817314
                },
                "VM8": {
                    "model": "QTedge",
                    "demand": 0.1717676816623708
                }
            },
            "h4": {
                "EN1": {
                    "model": "QTedge",
                    "demand": 0.28488392798729667
                },
                "EN2": {
                    "model": "QTedge",
                    "demand": 0.32041386049222564
                },
                "EN3": {
                    "model": "QTedge",
                    "demand": 0.3311070787122461
                },
                "EN4": {
                    "model": "QTedge",
                    "demand": 0.290713820545945
                },
                "EN5": {
                    "model": "QTedge",
                    "demand": 0.2695864147828031
                },
                "EN6": {
                    "model": "QTedge",
                    "demand": 0.32398007829941033
                },
                "EN7": {
                    "model": "QTedge",
                    "demand": 0.2938723820830864
                },
                "EN8": {
                    "model": "QTedge",
                    "demand": 0.24710350956393082
                },
                "VM1": {
                    "model": "QTedge",
                    "demand": 0.1419472897304238
                },
                "VM2": {
                    "model": "QTedge",
                    "demand": 0.19053800597692358
                },
                "VM3": {
                    "model": "QTedge",
                    "demand": 0.20841409765111418
                },
                "VM4": {
                    "model": "QTedge",
                    "demand": 0.2115930867410052
                },
                "VM5": {
                    "model": "QTedge",
                    "demand": 0.20774157972158597
                },
                "VM6": {
                    "model": "QTedge",
                    "demand": 0.22801782288830114
                },
                "VM7": {
                    "model": "QTedge",
                    "demand": 0.20773309627373265
                },
                "VM8": {
                    "model": "QTedge",
                    "demand": 0.13298153317764147
                }
            },
            "h5": {
                "EN1": {
                    "model": "QTedge",
                    "demand": 0.3197120042673799
                },
                "EN2": {
                    "model": "QTedge",
                    "demand": 0.3362837330624305
                },
                "EN3": {
                    "model": "QTedge",
                    "demand": 0.3167349197010659
                },
                "EN4": {
                    "model": "QTedge",
                    "demand": 0.30652524625494537
                },
                "EN5": {
                    "model": "QTedge",
                    "demand": 0.27825183784110363
                },
                "EN6": {
                    "model": "QTedge",
                    "demand": 0.3120607192976892
                },
                "EN7": {
                    "model": "QTedge",
                    "demand": 0.3070841695254034
                },
                "EN8": {
                    "model": "QTedge",
                    "demand": 0.25856770185528155
                },
                "VM1": {
                    "model": "QTedge",
                    "demand": 0.11009454648331587
                },
                "VM2": {
                    "model": "QTedge",
                    "demand": 0.22609637679854078
                },
                "VM3": {
                    "model": "QTedge",
                    "demand": 0.2185319017024163
                },
                "VM4": {
                    "model": "QTedge",
                    "demand": 0.20704262625070452
                },
                "VM5": {
                    "model": "QTedge",
                    "demand": 0.2335742566640865
                },
                "VM6": {
                    "model": "QTedge",
                    "demand": 0.19658236313485594
                },
                "VM7": {
                    "model": "QTedge",
                    "demand": 0.17141866084706003
                },
                "VM8": {
                    "model": "QTedge",
                    "demand": 0.1641986611969695
                }
            }
        },
        "c8": {
            "h1": {
                "EN1": {
                    "model": "QTedge",
                    "demand": 0.7411397971518013
                },
                "EN2": {
                    "model": "QTedge",
                    "demand": 0.604956525237617
                },
                "EN3": {
                    "model": "QTedge",
                    "demand": 0.9034769295897106
                },
                "EN4": {
                    "model": "QTedge",
                    "demand": 0.6404218782686546
                },
                "EN5": {
                    "model": "QTedge",
                    "demand": 1.0387518472154247
                },
                "EN6": {
                    "model": "QTedge",
                    "demand": 0.9979955750339307
                },
                "EN7": {
                    "model": "QTedge",
                    "demand": 0.9470852412529113
                },
                "EN8": {
                    "model": "QTedge",
                    "demand": 0.8798834943092511
                },
                "VM1": {
                    "model": "QTedge",
                    "demand": 0.632633454711833
                },
                "VM2": {
                    "model": "QTedge",
                    "demand": 0.3955966279080103
                },
                "VM3": {
                    "model": "QTedge",
                    "demand": 0.5859141630087055
                },
                "VM4": {
                    "model": "QTedge",
                    "demand": 0.23063648619743043
                },
                "VM5": {
                    "model": "QTedge",
                    "demand": 0.6907979261858899
                },
                "VM6": {
                    "model": "QTedge",
                    "demand": 0.4478144948903683
                },
                "VM7": {
                    "model": "QTedge",
                    "demand": 0.6337378296050302
                },
                "VM8": {
                    "model": "QTedge",
                    "demand": 0.30981995044136185
                },
                "F1": {
                    "model": "PACSLTK",
                    "demandWarm": 2.3094814634806813,
                    "demandCold": 3.4440276168468693
                },
                "F2": {
                    "model": "PACSLTK",
                    "demandWarm": 2.890313134037131,
                    "demandCold": 4.130854153633921
                }
            },
            "h2": {
                "EN1": {
                    "model": "QTedge",
                    "demand": 0.34245848659859845
                },
                "EN2": {
                    "model": "QTedge",
                    "demand": 0.26413621236020274
                },
                "EN3": {
                    "model": "QTedge",
                    "demand": 0.37197056119370403
                },
                "EN4": {
                    "model": "QTedge",
                    "demand": 0.27941531126047764
                },
                "EN5": {
                    "model": "QTedge",
                    "demand": 0.41524766829177656
                },
                "EN6": {
                    "model": "QTedge",
                    "demand": 0.4143002930533752
                },
                "EN7": {
                    "model": "QTedge",
                    "demand": 0.4088143536981274
                },
                "EN8": {
                    "model": "QTedge",
                    "demand": 0.363679421851342
                },
                "VM1": {
                    "model": "QTedge",
                    "demand": 0.3014681101550307
                },
                "VM2": {
                    "model": "QTedge",
                    "demand": 0.21158551434696035
                },
                "VM3": {
                    "model": "QTedge",
                    "demand": 0.2731169847185889
                },
                "VM4": {
                    "model": "QTedge",
                    "demand": 0.12699996506518021
                },
                "VM5": {
                    "model": "QTedge",
                    "demand": 0.313586284039852
                },
                "VM6": {
                    "model": "QTedge",
                    "demand": 0.23182627265197606
                },
                "VM7": {
                    "model": "QTedge",
                    "demand": 0.3017428647942145
                },
                "VM8": {
                    "model": "QTedge",
                    "demand": 0.17432529189747573
                },
                "F3": {
                    "model": "PACSLTK",
                    "demandWarm": 2.5114760150880437,
                    "demandCold": 4.17713932939063
                },
                "F4": {
                    "model": "PACSLTK",
                    "demandWarm": 2.724520295389639,
                    "demandCold": 4.526028325666102
                }
            },
            "h3": {
                "EN1": {
                    "model": "QTedge",
                    "demand": 0.30295965126497093
                },
                "EN2": {
                    "model": "QTedge",
                    "demand": 0.2899613315934918
                },
                "EN3": {
                    "model": "QTedge",
                    "demand": 0.3910532289598535
                },
                "EN4": {
                    "model": "QTedge",
                    "demand": 0.3123238761667274
                },
                "EN5": {
                    "model": "QTedge",
                    "demand": 0.40947389875755025
                },
                "EN6": {
                    "model": "QTedge",
                    "demand": 0.3928267787581149
                },
                "EN7": {
                    "model": "QTedge",
                    "demand": 0.3693508856273878
                },
                "EN8": {
                    "model": "QTedge",
                    "demand": 0.3475982201479028
                },
                "VM1": {
                    "model": "QTedge",
                    "demand": 0.27726578686302855
                },
                "VM2": {
                    "model": "QTedge",
                    "demand": 0.22708216456795427
                },
                "VM3": {
                    "model": "QTedge",
                    "demand": 0.2540528188559076
                },
                "VM4": {
                    "model": "QTedge",
                    "demand": 0.13205106389021753
                },
                "VM5": {
                    "model": "QTedge",
                    "demand": 0.3137365666825612
                },
                "VM6": {
                    "model": "QTedge",
                    "demand": 0.2220473540319079
                },
                "VM7": {
                    "model": "QTedge",
                    "demand": 0.26254637603860465
                },
                "VM8": {
                    "model": "QTedge",
                    "demand": 0.16660649926086224
                },
                "F5": {
                    "model": "PACSLTK",
                    "demandWarm": 2.7642081283990385,
                    "demandCold": 3.9747132439452684
                },
                "F6": {
                    "model": "PACSLTK",
                    "demandWarm": 2.6615402331247324,
                    "demandCold": 4.179938985241945
                }
            },
            "h4": {
                "EN1": {
                    "model": "QTedge",
                    "demand": 0.3202811785116931
                },
                "EN2": {
                    "model": "QTedge",
                    "demand": 0.2798855896604459
                },
                "EN3": {
                    "model": "QTedge",
                    "demand": 0.40065612333102724
                },
                "EN4": {
                    "model": "QTedge",
                    "demand": 0.27230705657344667
                },
                "EN5": {
                    "model": "QTedge",
                    "demand": 0.42736074823093023
                },
                "EN6": {
                    "model": "QTedge",
                    "demand": 0.38961522769737206
                },
                "EN7": {
                    "model": "QTedge",
                    "demand": 0.40408328824416484
                },
                "EN8": {
                    "model": "QTedge",
                    "demand": 0.34681481934471603
                },
                "VM1": {
                    "model": "QTedge",
                    "demand": 0.3041215448202512
                },
                "VM2": {
                    "model": "QTedge",
                    "demand": 0.21696103592531374
                },
                "VM3": {
                    "model": "QTedge",
                    "demand": 0.2777145749286619
                },
                "VM4": {
                    "model": "QTedge",
                    "demand": 0.16730795462098985
                },
                "VM5": {
                    "model": "QTedge",
                    "demand": 0.29501670244252887
                },
                "VM6": {
                    "model": "QTedge",
                    "demand": 0.2284569193233608
                },
                "VM7": {
                    "model": "QTedge",
                    "demand": 0.2898492980435865
                },
                "VM8": {
                    "model": "QTedge",
                    "demand": 0.19544764409457216
                },
                "F7": {
                    "model": "PACSLTK",
                    "demandWarm": 2.1314770742880422,
                    "demandCold": 3.3828025160027333
                },
                "F8": {
                    "model": "PACSLTK",
                    "demandWarm": 2.662977284913147,
                    "demandCold": 4.522426395695378
                }
            }
        },
        "c9": {
            "h1": {
                "VM1": {
                    "model": "QTedge",
                    "demand": 0.46030715469272987
                },
                "VM2": {
                    "model": "QTedge",
                    "demand": 0.22042626846512742
                },
                "VM3": {
                    "model": "QTedge",
                    "demand": 0.6550891600042918
                },
                "VM4": {
                    "model": "QTedge",
                    "demand": 0.36174977898274807
                },
                "VM5": {
                    "model": "QTedge",
                    "demand": 0.5515643329614119
                },
                "VM6": {
                    "model": "QTedge",
                    "demand": 0.6123897771607109
                },
                "VM7": {
                    "model": "QTedge",
                    "demand": 0.5791205772257224
                },
                "VM8": {
                    "model": "QTedge",
                    "demand": 0.5421179413500201
                },
                "F9": {
                    "model": "PACSLTK",
                    "demandWarm": 2.490446196912477,
                    "demandCold": 3.9536072712102253
                },
                "F10": {
                    "model": "PACSLTK",
                    "demandWarm": 2.233475344479463,
                    "demandCold": 4.233025743719086
                }
            }
        },
        "c10": {
            "h1": {
                "VM1": {
                    "model": "QTedge",
                    "demand": 0.39690689622067155
                },
                "VM2": {
                    "model": "QTedge",
                    "demand": 0.5568919721845461
                },
                "VM3": {
                    "model": "QTedge",
                    "demand": 0.2775626207118289
                },
                "VM4": {
                    "model": "QTedge",
                    "demand": 0.37961327292694536
                },
                "VM5": {
                    "model": "QTedge",
                    "demand": 0.4637912682137637
                },
                "VM6": {
                    "model": "QTedge",
                    "demand": 0.6726220337830087
                },
                "VM7": {
                    "model": "QTedge",
                    "demand": 0.5137173901613217
                },
                "VM8": {
                    "model": "QTedge",
                    "demand": 0.5646869570102713
                },
                "F11": {
                    "model": "PACSLTK",
                    "demandWarm": 2.665246717696907,
                    "demandCold": 4.086243981526186
                },
                "F12": {
                    "model": "PACSLTK",
                    "demandWarm": 2.600693131802844,
                    "demandCold": 4.220743357078996
                }
            },
            "h2": {
                "VM1": {
                    "model": "QTedge",
                    "demand": 0.20428212674555268
                },
                "VM2": {
                    "model": "QTedge",
                    "demand": 0.2667419156621259
                },
                "VM3": {
                    "model": "QTedge",
                    "demand": 0.1681053158598439
                },
                "VM4": {
                    "model": "QTedge",
                    "demand": 0.20070396174479616
                },
                "VM5": {
                    "model": "QTedge",
                    "demand": 0.2142575882532186
                },
                "VM6": {
                    "model": "QTedge",
                    "demand": 0.2954815814737006
                },
                "VM7": {
                    "model": "QTedge",
                    "demand": 0.22567254778973783
                },
                "VM8": {
                    "model": "QTedge",
                    "demand": 0.2843154900150621
                },
                "F13": {
                    "model": "PACSLTK",
                    "demandWarm": 2.280236165992,
                    "demandCold": 3.358066247810865
                },
                "F14": {
                    "model": "PACSLTK",
                    "demandWarm": 2.824199355066405,
                    "demandCold": 4.142679171048147
                }
            },
            "h3": {
                "VM1": {
                    "model": "QTedge",
                    "demand": 0.21619779920296142
                },
                "VM2": {
                    "model": "QTedge",
                    "demand": 0.23851210195299768
                },
                "VM3": {
                    "model": "QTedge",
                    "demand": 0.16609099974022973
                },
                "VM4": {
                    "model": "QTedge",
                    "demand": 0.22242519444159503
                },
                "VM5": {
                    "model": "QTedge",
                    "demand": 0.23581331673537242
                },
                "VM6": {
                    "model": "QTedge",
                    "demand": 0.29177025451331884
                },
                "VM7": {
                    "model": "QTedge",
                    "demand": 0.26365641322273503
                },
                "VM8": {
                    "model": "QTedge",
                    "demand": 0.24339133091998089
                },
                "F15": {
                    "model": "PACSLTK",
                    "demandWarm": 2.582044843062049,
                    "demandCold": 4.336982292060096
                },
                "F16": {
                    "model": "PACSLTK",
                    "demandWarm": 2.2854450648163085,
                    "demandCold": 4.279623190937088
                }
            },
            "h4": {
                "VM1": {
                    "model": "QTedge",
                    "demand": 0.1997216161978343
                },
                "VM2": {
                    "model": "QTedge",
                    "demand": 0.2773547436056593
                },
                "VM3": {
                    "model": "QTedge",
                    "demand": 0.16748979982523104
                },
                "VM4": {
                    "model": "QTedge",
                    "demand": 0.21228851564364895
                },
                "VM5": {
                    "model": "QTedge",
                    "demand": 0.21006337881886133
                },
                "VM6": {
                    "model": "QTedge",
                    "demand": 0.29113521886242105
                },
                "VM7": {
                    "model": "QTedge",
                    "demand": 0.2597695119289978
                },
                "VM8": {
                    "model": "QTedge",
                    "demand": 0.2384495167267195
                },
                "F17": {
                    "model": "PACSLTK",
                    "demandWarm": 2.0061032999491974,
                    "demandCold": 3.030075353480259
                },
                "F18": {
                    "model": "PACSLTK",
                    "demandWarm": 2.4026867544029584,
                    "demandCold": 4.31626608478677
                }
            }
        }
    },
    "Lambda": 0.1,
    "LocalConstraints": {
        "c5": {
            "local_res_time": 88.49653859537483
        },
        "c4": {
            "local_res_time": 71.57568221375844
        },
        "c7": {
            "local_res_time": 92.76428695793577
        },
        "c2": {
            "local_res_time": 97.46525513443106
        }
    },
    "GlobalConstraints": {
        "p1": {
            "components": [
                "c2",
                "c3",
                "c4",
                "c6"
            ],
            "global_res_time": 189.05417895223164
        },
        "p2": {
            "components": [
                "c9",
                "c10"
            ],
            "global_res_time": 186.72906861172618
        },
        "p3": {
            "components": [
                "c3",
                "c4",
                "c5"
            ],
            "global_res_time": 160.93872093943756
        },
        "p4": {
            "components": [
                "c2",
                "c3",
                "c4"
            ],
            "global_res_time": 173.30024127134564
        }
    },
    "NetworkTechnology": {
        "ND1": {
            "computationallayers": [
                "computationallayer1",
                "computationallayer2"
            ],
            "AccessDelay": 0.001,
            "Bandwidth": 2000
        },
        "ND2": {
            "computationallayers": [
                "computationallayer3",
                "computationallayer4"
            ],
            "AccessDelay": 0.001,
            "Bandwidth": 1500
        },
        "ND3": {
            "computationallayers": [
                "computationallayer1",
                "computationallayer2",
                "computationallayer3",
                "computationallayer4",
                "computationallayer5",
                "computationallayer6"
            ],
            "AccessDelay": 0.001,
            "Bandwidth": 1000
        }
    },
    "Time": 1
}
