{
    "DirectedAcyclicGraph": {
        "c1": {
            "next": [
                "c2",
                "c3",
                "c4"
            ],
            "transition_probability": [
                0.5168984521319644,
                0.29593054918136785,
                0.18717099868666762
            ]
        },
        "c2": {
            "next": [
                "c4",
                "c5"
            ],
            "transition_probability": [
                0.09856333713813302,
                0.901436662861867
            ]
        },
        "c3": {
            "next": [
                "c5"
            ],
            "transition_probability": [
                1.0
            ]
        },
        "c4": {
            "next": [
                "c5"
            ],
            "transition_probability": [
                1.0
            ]
        },
        "c5": {
            "next": [],
            "transition_probability": []
        }
    },
    "Components": {
        "c1": {
            "s1": {
                "h1": {
                    "next": [
                        "c2",
                        "c3",
                        "c4"
                    ],
                    "data_size": [
                        4,
                        6,
                        5
                    ],
                    "early_exit_probability": 0
                }
            },
            "s2": {
                "h2": {
                    "next": [
                        "h3"
                    ],
                    "early_exit_probability": 0.8779030712603622,
                    "data_size": [
                        6
                    ]
                },
                "h3": {
                    "next": [
                        "h4"
                    ],
                    "early_exit_probability": 0.579837810189545,
                    "data_size": [
                        6
                    ]
                },
                "h4": {
                    "next": [
                        "h5"
                    ],
                    "early_exit_probability": 0.7318711002604598,
                    "data_size": [
                        7
                    ]
                },
                "h5": {
                    "next": [
                        "c2",
                        "c3",
                        "c4"
                    ],
                    "early_exit_probability": 0,
                    "data_size": [
                        4,
                        6,
                        5
                    ]
                }
            },
            "s3": {
                "h6": {
                    "next": [
                        "h7"
                    ],
                    "early_exit_probability": 0.2846858806413638,
                    "data_size": [
                        5
                    ]
                },
                "h7": {
                    "next": [
                        "c2",
                        "c3",
                        "c4"
                    ],
                    "early_exit_probability": 0,
                    "data_size": [
                        4,
                        6,
                        5
                    ]
                }
            }
        },
        "c2": {
            "s1": {
                "h1": {
                    "next": [
                        "c4",
                        "c5"
                    ],
                    "data_size": [
                        4,
                        4
                    ],
                    "early_exit_probability": 0
                }
            },
            "s2": {
                "h2": {
                    "next": [
                        "h3"
                    ],
                    "early_exit_probability": 0.1656128612012676,
                    "data_size": [
                        7
                    ]
                },
                "h3": {
                    "next": [
                        "c4",
                        "c5"
                    ],
                    "early_exit_probability": 0,
                    "data_size": [
                        4,
                        4
                    ]
                }
            },
            "s3": {
                "h4": {
                    "next": [
                        "h5"
                    ],
                    "early_exit_probability": 0.5613371205346787,
                    "data_size": [
                        6
                    ]
                },
                "h5": {
                    "next": [
                        "h6"
                    ],
                    "early_exit_probability": 0.18841465559593518,
                    "data_size": [
                        5
                    ]
                },
                "h6": {
                    "next": [
                        "h7"
                    ],
                    "early_exit_probability": 0.47740172002133385,
                    "data_size": [
                        6
                    ]
                },
                "h7": {
                    "next": [
                        "c4",
                        "c5"
                    ],
                    "early_exit_probability": 0,
                    "data_size": [
                        4,
                        4
                    ]
                }
            }
        },
        "c3": {
            "s1": {
                "h1": {
                    "next": [
                        "c5"
                    ],
                    "data_size": [
                        5
                    ],
                    "early_exit_probability": 0
                }
            },
            "s2": {
                "h2": {
                    "next": [
                        "h3"
                    ],
                    "early_exit_probability": 0.5631875066285048,
                    "data_size": [
                        6
                    ]
                },
                "h3": {
                    "next": [
                        "c5"
                    ],
                    "early_exit_probability": 0,
                    "data_size": [
                        5
                    ]
                }
            }
        },
        "c4": {
            "s1": {
                "h1": {
                    "next": [
                        "c5"
                    ],
                    "data_size": [
                        5
                    ],
                    "early_exit_probability": 0
                }
            }
        },
        "c5": {
            "s1": {
                "h1": {
                    "next": [],
                    "data_size": [
                        5
                    ],
                    "early_exit_probability": 0
                }
            },
            "s2": {
                "h2": {
                    "next": [
                        "h3"
                    ],
                    "early_exit_probability": 0.9227496139456699,
                    "data_size": [
                        6
                    ]
                },
                "h3": {
                    "next": [
                        "h4"
                    ],
                    "early_exit_probability": 0.575413707416418,
                    "data_size": [
                        7
                    ]
                },
                "h4": {
                    "next": [],
                    "early_exit_probability": 0,
                    "data_size": [
                        5
                    ]
                }
            }
        }
    },
    "EdgeResources": {
        "computationallayer1": {
            "Drone1": {
                "number": 1,
                "cost": 4.064506898812539,
                "memory": 163840,
                "n_cores": 1
            }
        },
        "computationallayer2": {
            "EN1": {
                "number": 2,
                "cost": 6.354492259230204,
                "memory": 163840,
                "n_cores": 1
            },
            "EN2": {
                "number": 2,
                "cost": 6.683054172194845,
                "memory": 163840,
                "n_cores": 1
            }
        }
    },
    "CloudResources": {
        "computationallayer3": {
            "VM1": {
                "number": 4,
                "cost": 0.7708540871402245,
                "memory": 163840,
                "n_cores": 1
            },
            "VM2": {
                "number": 3,
                "cost": 0.2430969332026176,
                "memory": 163840,
                "n_cores": 1
            },
            "VM3": {
                "number": 4,
                "cost": 0.2595770652066153,
                "memory": 163840,
                "n_cores": 1
            }
        }
    },
    "FaaSResources": {
        "computationallayer4": {
            "F1": {
                "cost": 0.11145381237802332,
                "memory": 163840,
                "idle_time_before_kill": 600
            },
            "F2": {
                "cost": 0.25124511169054764,
                "memory": 163840,
                "idle_time_before_kill": 600
            },
            "F3": {
                "cost": 0.964915292526365,
                "memory": 163840,
                "idle_time_before_kill": 600
            },
            "F4": {
                "cost": 0.6317660527377454,
                "memory": 163840,
                "idle_time_before_kill": 600
            },
            "F5": {
                "cost": 0.8166602026153619,
                "memory": 163840,
                "idle_time_before_kill": 600
            },
            "F6": {
                "cost": 0.5660819960927563,
                "memory": 163840,
                "idle_time_before_kill": 600
            },
            "F7": {
                "cost": 0.6353562055818931,
                "memory": 163840,
                "idle_time_before_kill": 600
            },
            "F8": {
                "cost": 0.8119023911804106,
                "memory": 163840,
                "idle_time_before_kill": 600
            },
            "transition_cost": 0
        }
    },
    "CompatibilityMatrix": {
        "c1": {
            "h1": [
                {
                    "resource": "Drone1",
                    "memory": 256
                }
            ],
            "h2": [
                {
                    "resource": "Drone1",
                    "memory": 512
                }
            ],
            "h3": [
                {
                    "resource": "Drone1",
                    "memory": 256
                }
            ],
            "h4": [
                {
                    "resource": "Drone1",
                    "memory": 256
                }
            ],
            "h5": [
                {
                    "resource": "Drone1",
                    "memory": 512
                }
            ],
            "h6": [
                {
                    "resource": "Drone1",
                    "memory": 512
                }
            ],
            "h7": [
                {
                    "resource": "Drone1",
                    "memory": 256
                }
            ]
        },
        "c2": {
            "h1": [
                {
                    "resource": "Drone1",
                    "memory": 512
                },
                {
                    "resource": "EN1",
                    "memory": 512
                },
                {
                    "resource": "EN2",
                    "memory": 2048
                }
            ],
            "h2": [
                {
                    "resource": "Drone1",
                    "memory": 256
                },
                {
                    "resource": "EN1",
                    "memory": 1024
                },
                {
                    "resource": "EN2",
                    "memory": 2048
                }
            ],
            "h3": [
                {
                    "resource": "Drone1",
                    "memory": 512
                },
                {
                    "resource": "EN1",
                    "memory": 512
                },
                {
                    "resource": "EN2",
                    "memory": 2048
                }
            ],
            "h4": [
                {
                    "resource": "Drone1",
                    "memory": 512
                },
                {
                    "resource": "EN1",
                    "memory": 512
                },
                {
                    "resource": "EN2",
                    "memory": 2048
                }
            ],
            "h5": [
                {
                    "resource": "Drone1",
                    "memory": 256
                },
                {
                    "resource": "EN1",
                    "memory": 1024
                },
                {
                    "resource": "EN2",
                    "memory": 512
                }
            ],
            "h6": [
                {
                    "resource": "Drone1",
                    "memory": 256
                },
                {
                    "resource": "EN1",
                    "memory": 512
                },
                {
                    "resource": "EN2",
                    "memory": 2048
                }
            ],
            "h7": [
                {
                    "resource": "Drone1",
                    "memory": 512
                },
                {
                    "resource": "EN1",
                    "memory": 2048
                },
                {
                    "resource": "EN2",
                    "memory": 512
                }
            ]
        },
        "c3": {
            "h1": [
                {
                    "resource": "EN1",
                    "memory": 2048
                },
                {
                    "resource": "EN2",
                    "memory": 2048
                }
            ],
            "h2": [
                {
                    "resource": "EN1",
                    "memory": 2048
                },
                {
                    "resource": "EN2",
                    "memory": 512
                }
            ],
            "h3": [
                {
                    "resource": "EN1",
                    "memory": 1024
                },
                {
                    "resource": "EN2",
                    "memory": 512
                }
            ]
        },
        "c4": {
            "h1": [
                {
                    "resource": "EN1",
                    "memory": 512
                },
                {
                    "resource": "EN2",
                    "memory": 2048
                },
                {
                    "resource": "VM1",
                    "memory": 8192
                },
                {
                    "resource": "VM2",
                    "memory": 8192
                },
                {
                    "resource": "VM3",
                    "memory": 4096
                }
            ]
        },
        "c5": {
            "h1": [
                {
                    "resource": "VM1",
                    "memory": 2048
                },
                {
                    "resource": "VM2",
                    "memory": 4096
                },
                {
                    "resource": "VM3",
                    "memory": 2048
                },
                {
                    "resource": "F1",
                    "memory": 4096
                },
                {
                    "resource": "F2",
                    "memory": 1024
                }
            ],
            "h2": [
                {
                    "resource": "VM1",
                    "memory": 4096
                },
                {
                    "resource": "VM2",
                    "memory": 8192
                },
                {
                    "resource": "VM3",
                    "memory": 8192
                },
                {
                    "resource": "F3",
                    "memory": 4096
                },
                {
                    "resource": "F4",
                    "memory": 1024
                }
            ],
            "h3": [
                {
                    "resource": "VM1",
                    "memory": 4096
                },
                {
                    "resource": "VM2",
                    "memory": 2048
                },
                {
                    "resource": "VM3",
                    "memory": 8192
                },
                {
                    "resource": "F5",
                    "memory": 2048
                },
                {
                    "resource": "F6",
                    "memory": 4096
                }
            ],
            "h4": [
                {
                    "resource": "VM1",
                    "memory": 4096
                },
                {
                    "resource": "VM2",
                    "memory": 4096
                },
                {
                    "resource": "VM3",
                    "memory": 8192
                },
                {
                    "resource": "F7",
                    "memory": 2048
                },
                {
                    "resource": "F8",
                    "memory": 4096
                }
            ]
        }
    },
    "Performance": {
        "c1": {
            "h1": {
                "Drone1": {
                    "model": "QTedge",
                    "demand": 0.19266826152438743
                }
            },
            "h2": {
                "Drone1": {
                    "model": "QTedge",
                    "demand": 0.05729111898328949
                }
            },
            "h3": {
                "Drone1": {
                    "model": "QTedge",
                    "demand": 0.05658822913977144
                }
            },
            "h4": {
                "Drone1": {
                    "model": "QTedge",
                    "demand": 0.05334461053989851
                }
            },
            "h5": {
                "Drone1": {
                    "model": "QTedge",
                    "demand": 0.05424196149303755
                }
            },
            "h6": {
                "Drone1": {
                    "model": "QTedge",
                    "demand": 0.10158984477770046
                }
            },
            "h7": {
                "Drone1": {
                    "model": "QTedge",
                    "demand": 0.10555940692561818
                }
            }
        },
        "c2": {
            "h1": {
                "Drone1": {
                    "model": "QTedge",
                    "demand": 1.6436820644459937
                },
                "EN1": {
                    "model": "QTedge",
                    "demand": 0.6671203724856953
                },
                "EN2": {
                    "model": "QTedge",
                    "demand": 0.6883612236086091
                }
            },
            "h2": {
                "Drone1": {
                    "model": "QTedge",
                    "demand": 0.918470768774468
                },
                "EN1": {
                    "model": "QTedge",
                    "demand": 0.38781543749836456
                },
                "EN2": {
                    "model": "QTedge",
                    "demand": 0.4347498318567983
                }
            },
            "h3": {
                "Drone1": {
                    "model": "QTedge",
                    "demand": 0.8768823958661291
                },
                "EN1": {
                    "model": "QTedge",
                    "demand": 0.4027306395462034
                },
                "EN2": {
                    "model": "QTedge",
                    "demand": 0.41969835167126696
                }
            },
            "h4": {
                "Drone1": {
                    "model": "QTedge",
                    "demand": 0.46153898669151633
                },
                "EN1": {
                    "model": "QTedge",
                    "demand": 0.2597654374708334
                },
                "EN2": {
                    "model": "QTedge",
                    "demand": 0.22764584337917054
                }
            },
            "h5": {
                "Drone1": {
                    "model": "QTedge",
                    "demand": 0.4866574144615324
                },
                "EN1": {
                    "model": "QTedge",
                    "demand": 0.2391104845175395
                },
                "EN2": {
                    "model": "QTedge",
                    "demand": 0.2621141269396807
                }
            },
            "h6": {
                "Drone1": {
                    "model": "QTedge",
                    "demand": 0.4814896969004673
                },
                "EN1": {
                    "model": "QTedge",
                    "demand": 0.26603693300621406
                },
                "EN2": {
                    "model": "QTedge",
                    "demand": 0.2621603824227058
                }
            },
            "h7": {
                "Drone1": {
                    "model": "QTedge",
                    "demand": 0.49606761996739734
                },
                "EN1": {
                    "model": "QTedge",
                    "demand": 0.2333825005982077
                },
                "EN2": {
                    "model": "QTedge",
                    "demand": 0.24008946566071765
                }
            }
        },
        "c3": {
            "h1": {
                "EN1": {
                    "model": "QTedge",
                    "demand": 1.0607352829795886
                },
                "EN2": {
                    "model": "QTedge",
                    "demand": 1.0768152528636736
                }
            },
            "h2": {
                "EN1": {
                    "model": "QTedge",
                    "demand": 0.5845045699437937
                },
                "EN2": {
                    "model": "QTedge",
                    "demand": 0.6147435047047664
                }
            },
            "h3": {
                "EN1": {
                    "model": "QTedge",
                    "demand": 0.6250168562075592
                },
                "EN2": {
                    "model": "QTedge",
                    "demand": 0.6366655037825538
                }
            }
        },
        "c4": {
            "h1": {
                "EN1": {
                    "model": "QTedge",
                    "demand": 0.9849663384456575
                },
                "EN2": {
                    "model": "QTedge",
                    "demand": 0.979549559144663
                },
                "VM1": {
                    "model": "QTedge",
                    "demand": 0.5550245236772191
                },
                "VM2": {
                    "model": "QTedge",
                    "demand": 0.5507764162906861
                },
                "VM3": {
                    "model": "QTedge",
                    "demand": 0.5836656905588917
                }
            }
        },
        "c5": {
            "h1": {
                "VM1": {
                    "model": "QTedge",
                    "demand": 0.5224627496288732
                },
                "VM2": {
                    "model": "QTedge",
                    "demand": 0.37083701946393677
                },
                "VM3": {
                    "model": "QTedge",
                    "demand": 0.6220699979498974
                },
                "F1": {
                    "model": "PACSLTK",
                    "demandWarm": 2.170448355115925,
                    "demandCold": 3.7551656703350833
                },
                "F2": {
                    "model": "PACSLTK",
                    "demandWarm": 2.3025181125003944,
                    "demandCold": 4.128223938998746
                }
            },
            "h2": {
                "VM1": {
                    "model": "QTedge",
                    "demand": 0.250329861272861
                },
                "VM2": {
                    "model": "QTedge",
                    "demand": 0.20738114615375083
                },
                "VM3": {
                    "model": "QTedge",
                    "demand": 0.2714196122966956
                },
                "F3": {
                    "model": "PACSLTK",
                    "demandWarm": 2.986501441403396,
                    "demandCold": 4.093990974978495
                },
                "F4": {
                    "model": "PACSLTK",
                    "demandWarm": 2.706220758350721,
                    "demandCold": 4.6422641790965935
                }
            },
            "h3": {
                "VM1": {
                    "model": "QTedge",
                    "demand": 0.2645431216436587
                },
                "VM2": {
                    "model": "QTedge",
                    "demand": 0.18212484360321637
                },
                "VM3": {
                    "model": "QTedge",
                    "demand": 0.26712389726142105
                },
                "F5": {
                    "model": "PACSLTK",
                    "demandWarm": 2.5442323527461856,
                    "demandCold": 3.9089425315385706
                },
                "F6": {
                    "model": "PACSLTK",
                    "demandWarm": 2.8293646310221074,
                    "demandCold": 3.9246785706132625
                }
            },
            "h4": {
                "VM1": {
                    "model": "QTedge",
                    "demand": 0.262061863537198
                },
                "VM2": {
                    "model": "QTedge",
                    "demand": 0.21756641901520768
                },
                "VM3": {
                    "model": "QTedge",
                    "demand": 0.3000639166453807
                },
                "F7": {
                    "model": "PACSLTK",
                    "demandWarm": 2.632905540790967,
                    "demandCold": 4.160084373737529
                },
                "F8": {
                    "model": "PACSLTK",
                    "demandWarm": 2.3624592780248084,
                    "demandCold": 4.307218039674353
                }
            }
        }
    },
    "Lambda": 0.1,
    "LocalConstraints": {
        "c5": {
            "local_res_time": 126.4213039561599
        },
        "c3": {
            "local_res_time": 149.67520039663336
        },
        "c1": {
            "local_res_time": 139.22544361115894
        }
    },
    "GlobalConstraints": {
        "p1": {
            "components": [
                "c1",
                "c2",
                "c4"
            ],
            "global_res_time": 321.69119651568343
        },
        "p2": {
            "components": [
                "c4",
                "c5"
            ],
            "global_res_time": 291.6930853969076
        },
        "p3": {
            "components": [
                "c2",
                "c4"
            ],
            "global_res_time": 399.58381998443826
        }
    },
    "NetworkTechnology": {
        "ND1": {
            "computationallayers": [
                "computationallayer1",
                "computationallayer2"
            ],
            "AccessDelay": 0.001,
            "Bandwidth": 2000
        },
        "ND2": {
            "computationallayers": [
                "computationallayer3",
                "computationallayer4"
            ],
            "AccessDelay": 0.001,
            "Bandwidth": 1500
        },
        "ND3": {
            "computationallayers": [
                "computationallayer1",
                "computationallayer2",
                "computationallayer3",
                "computationallayer4"
            ],
            "AccessDelay": 0.001,
            "Bandwidth": 1000
        }
    },
    "Time": 1
}
